
-- Running command `read_liberty -lib -ignore_miss_func build/timing/NangateOpenCellLibrary_typical.lib; read_verilog -sv rtl/rv32i_pipeline_core.sv rtl/pipeline_frontend.sv rtl/pipeline_id.sv rtl/pipeline_id_ex.sv rtl/pipeline_ex.sv rtl/pipeline_ex_mem.sv rtl/pipeline_hazard.sv rtl/pipeline_mem.sv rtl/pipeline_mem_wb.sv rtl/decoder.sv rtl/immediate_generator.sv rtl/register_file.sv rtl/alu.sv; hierarchy -check -top rv32i_pipeline_core; synth -top rv32i_pipeline_core -flatten; dfflibmap -liberty build/timing/NangateOpenCellLibrary_typical.lib; abc -liberty build/timing/NangateOpenCellLibrary_typical.lib; clean; check -assert; stat -liberty build/timing/NangateOpenCellLibrary_typical.lib; write_verilog -noattr -noexpr -nodec build/timing/rv32i_pipeline_core_nangate45.v' --

1. Executing Liberty frontend: build/timing/NangateOpenCellLibrary_typical.lib
Imported 135 cell types from liberty file.

2. Executing Verilog-2005 frontend: rtl/rv32i_pipeline_core.sv
Parsing SystemVerilog input from `rtl/rv32i_pipeline_core.sv' to AST representation.
Generating RTLIL representation for module `\rv32i_pipeline_core'.
Successfully finished Verilog frontend.

3. Executing Verilog-2005 frontend: rtl/pipeline_frontend.sv
Parsing SystemVerilog input from `rtl/pipeline_frontend.sv' to AST representation.
Generating RTLIL representation for module `\pipeline_frontend'.
Successfully finished Verilog frontend.

4. Executing Verilog-2005 frontend: rtl/pipeline_id.sv
Parsing SystemVerilog input from `rtl/pipeline_id.sv' to AST representation.
Generating RTLIL representation for module `\pipeline_id'.
Successfully finished Verilog frontend.

5. Executing Verilog-2005 frontend: rtl/pipeline_id_ex.sv
Parsing SystemVerilog input from `rtl/pipeline_id_ex.sv' to AST representation.
Generating RTLIL representation for module `\pipeline_id_ex'.
Successfully finished Verilog frontend.

6. Executing Verilog-2005 frontend: rtl/pipeline_ex.sv
Parsing SystemVerilog input from `rtl/pipeline_ex.sv' to AST representation.
Generating RTLIL representation for module `\pipeline_ex'.
Successfully finished Verilog frontend.

7. Executing Verilog-2005 frontend: rtl/pipeline_ex_mem.sv
Parsing SystemVerilog input from `rtl/pipeline_ex_mem.sv' to AST representation.
Generating RTLIL representation for module `\pipeline_ex_mem'.
Successfully finished Verilog frontend.

8. Executing Verilog-2005 frontend: rtl/pipeline_hazard.sv
Parsing SystemVerilog input from `rtl/pipeline_hazard.sv' to AST representation.
Generating RTLIL representation for module `\pipeline_hazard'.
Successfully finished Verilog frontend.

9. Executing Verilog-2005 frontend: rtl/pipeline_mem.sv
Parsing SystemVerilog input from `rtl/pipeline_mem.sv' to AST representation.
Generating RTLIL representation for module `\pipeline_mem'.
Successfully finished Verilog frontend.

10. Executing Verilog-2005 frontend: rtl/pipeline_mem_wb.sv
Parsing SystemVerilog input from `rtl/pipeline_mem_wb.sv' to AST representation.
Generating RTLIL representation for module `\pipeline_mem_wb'.
Successfully finished Verilog frontend.

11. Executing Verilog-2005 frontend: rtl/decoder.sv
Parsing SystemVerilog input from `rtl/decoder.sv' to AST representation.
Generating RTLIL representation for module `\decoder'.
Successfully finished Verilog frontend.

12. Executing Verilog-2005 frontend: rtl/immediate_generator.sv
Parsing SystemVerilog input from `rtl/immediate_generator.sv' to AST representation.
Generating RTLIL representation for module `\immediate_generator'.
Successfully finished Verilog frontend.

13. Executing Verilog-2005 frontend: rtl/register_file.sv
Parsing SystemVerilog input from `rtl/register_file.sv' to AST representation.
Generating RTLIL representation for module `\register_file'.
Successfully finished Verilog frontend.

14. Executing Verilog-2005 frontend: rtl/alu.sv
Parsing SystemVerilog input from `rtl/alu.sv' to AST representation.
Generating RTLIL representation for module `\alu'.
Successfully finished Verilog frontend.

15. Executing HIERARCHY pass (managing design hierarchy).

15.1. Analyzing design hierarchy..
Top module:  \rv32i_pipeline_core
Used module:     \pipeline_mem_wb
Used module:     \pipeline_mem
Used module:     \pipeline_ex_mem
Used module:     \pipeline_ex
Used module:         \alu
Used module:     \pipeline_id_ex
Used module:     \pipeline_hazard
Used module:     \pipeline_id
Used module:         \register_file
Used module:         \immediate_generator
Used module:         \decoder
Used module:     \pipeline_frontend

15.2. Analyzing design hierarchy..
Top module:  \rv32i_pipeline_core
Used module:     \pipeline_mem_wb
Used module:     \pipeline_mem
Used module:     \pipeline_ex_mem
Used module:     \pipeline_ex
Used module:         \alu
Used module:     \pipeline_id_ex
Used module:     \pipeline_hazard
Used module:     \pipeline_id
Used module:         \register_file
Used module:         \immediate_generator
Used module:         \decoder
Used module:     \pipeline_frontend
Removed 0 unused modules.

16. Executing SYNTH pass.

16.1. Executing HIERARCHY pass (managing design hierarchy).

16.1.1. Analyzing design hierarchy..
Top module:  \rv32i_pipeline_core
Used module:     \pipeline_mem_wb
Used module:     \pipeline_mem
Used module:     \pipeline_ex_mem
Used module:     \pipeline_ex
Used module:         \alu
Used module:     \pipeline_id_ex
Used module:     \pipeline_hazard
Used module:     \pipeline_id
Used module:         \register_file
Used module:         \immediate_generator
Used module:         \decoder
Used module:     \pipeline_frontend

16.1.2. Analyzing design hierarchy..
Top module:  \rv32i_pipeline_core
Used module:     \pipeline_mem_wb
Used module:     \pipeline_mem
Used module:     \pipeline_ex_mem
Used module:     \pipeline_ex
Used module:         \alu
Used module:     \pipeline_id_ex
Used module:     \pipeline_hazard
Used module:     \pipeline_id
Used module:         \register_file
Used module:         \immediate_generator
Used module:         \decoder
Used module:     \pipeline_frontend
Removed 0 unused modules.

16.2. Executing PROC pass (convert processes to netlists).

16.2.1. Executing PROC_CLEAN pass (remove empty switches from decision trees).
Cleaned up 0 empty switches.

16.2.2. Executing PROC_RMDEAD pass (remove dead branches from decision trees).
Marked 1 switch rules as full_case in process $proc$rtl/alu.sv:0$160 in module alu.
Marked 1 switch rules as full_case in process $proc$rtl/register_file.sv:17$151 in module register_file.
Marked 1 switch rules as full_case in process $proc$rtl/immediate_generator.sv:0$143 in module immediate_generator.
Removed 1 dead cases from process $proc$rtl/decoder.sv:0$124 in module decoder.
Marked 21 switch rules as full_case in process $proc$rtl/decoder.sv:0$124 in module decoder.
Marked 1 switch rules as full_case in process $proc$rtl/pipeline_mem_wb.sv:24$121 in module pipeline_mem_wb.
Marked 4 switch rules as full_case in process $proc$rtl/pipeline_mem.sv:0$103 in module pipeline_mem.
Marked 5 switch rules as full_case in process $proc$rtl/pipeline_mem.sv:0$97 in module pipeline_mem.
Marked 1 switch rules as full_case in process $proc$rtl/pipeline_ex_mem.sv:32$76 in module pipeline_ex_mem.
Marked 4 switch rules as full_case in process $proc$rtl/pipeline_ex.sv:0$67 in module pipeline_ex.
Marked 2 switch rules as full_case in process $proc$rtl/pipeline_ex.sv:0$59 in module pipeline_ex.
Marked 3 switch rules as full_case in process $proc$rtl/pipeline_ex.sv:0$46 in module pipeline_ex.
Marked 3 switch rules as full_case in process $proc$rtl/pipeline_ex.sv:0$35 in module pipeline_ex.
Marked 1 switch rules as full_case in process $proc$rtl/pipeline_id_ex.sv:52$30 in module pipeline_id_ex.
Marked 1 switch rules as full_case in process $proc$rtl/pipeline_id.sv:0$29 in module pipeline_id.
Marked 1 switch rules as full_case in process $proc$rtl/pipeline_id.sv:0$28 in module pipeline_id.
Marked 2 switch rules as full_case in process $proc$rtl/pipeline_id.sv:0$17 in module pipeline_id.
Marked 3 switch rules as full_case in process $proc$rtl/pipeline_frontend.sv:27$11 in module pipeline_frontend.
Marked 1 switch rules as full_case in process $proc$rtl/rv32i_pipeline_core.sv:202$8 in module rv32i_pipeline_core.
Removed 1 dead cases from process $proc$rtl/rv32i_pipeline_core.sv:0$5 in module rv32i_pipeline_core.
Marked 1 switch rules as full_case in process $proc$rtl/rv32i_pipeline_core.sv:0$5 in module rv32i_pipeline_core.
Marked 1 switch rules as full_case in process $proc$rtl/rv32i_pipeline_core.sv:157$2 in module rv32i_pipeline_core.
Marked 1 switch rules as full_case in process $proc$rtl/rv32i_pipeline_core.sv:0$1 in module rv32i_pipeline_core.
Removed a total of 2 dead cases.

16.2.3. Executing PROC_PRUNE pass (remove redundant assignments in processes).
Removed 47 redundant assignments.
Promoted 50 assignments to connections.

16.2.4. Executing PROC_INIT pass (extract init attributes).

16.2.5. Executing PROC_ARST pass (detect async resets in processes).

16.2.6. Executing PROC_ROM pass (convert switches to ROMs).
Converted 0 switches.
<suppressed ~60 debug messages>

16.2.7. Executing PROC_MUX pass (convert decision trees to multiplexers).
Creating decoders for process `\alu.$proc$rtl/alu.sv:0$160'.
     1/1: $1\result[31:0]
Creating decoders for process `\register_file.$proc$rtl/register_file.sv:17$151'.
     1/3: $1$memwr$\registers$rtl/register_file.sv:19$144_EN[31:0]$159
     2/3: $1$memwr$\registers$rtl/register_file.sv:19$144_DATA[31:0]$158
     3/3: $1$memwr$\registers$rtl/register_file.sv:19$144_ADDR[4:0]$157
Creating decoders for process `\immediate_generator.$proc$rtl/immediate_generator.sv:0$143'.
     1/1: $1\imm[31:0]
Creating decoders for process `\decoder.$proc$rtl/decoder.sv:0$124'.
     1/96: $2\jump_type[1:0]
     2/96: $21\alu_op[3:0]
     3/96: $20\imm_type[2:0]
     4/96: $7\result_src[1:0]
     5/96: $14\alu_src[0:0]
     6/96: $2\alu_a_pc[0:0]
     7/96: $12\reg_write[0:0]
     8/96: $7\branch_type[2:0]
     9/96: $20\alu_op[3:0]
    10/96: $19\imm_type[2:0]
    11/96: $7\branch[0:0]
    12/96: $6\branch_type[2:0]
    13/96: $19\alu_op[3:0]
    14/96: $18\imm_type[2:0]
    15/96: $6\branch[0:0]
    16/96: $5\branch_type[2:0]
    17/96: $18\alu_op[3:0]
    18/96: $17\imm_type[2:0]
    19/96: $5\branch[0:0]
    20/96: $4\branch_type[2:0]
    21/96: $17\alu_op[3:0]
    22/96: $16\imm_type[2:0]
    23/96: $4\branch[0:0]
    24/96: $3\branch_type[2:0]
    25/96: $16\alu_op[3:0]
    26/96: $15\imm_type[2:0]
    27/96: $3\branch[0:0]
    28/96: $2\branch_type[2:0]
    29/96: $15\alu_op[3:0]
    30/96: $14\imm_type[2:0]
    31/96: $2\branch[0:0]
    32/96: $14\alu_op[3:0]
    33/96: $13\imm_type[2:0]
    34/96: $4\mem_write[0:0]
    35/96: $13\alu_src[0:0]
    36/96: $13\alu_op[3:0]
    37/96: $12\imm_type[2:0]
    38/96: $3\mem_write[0:0]
    39/96: $12\alu_src[0:0]
    40/96: $12\alu_op[3:0]
    41/96: $11\imm_type[2:0]
    42/96: $2\mem_write[0:0]
    43/96: $11\alu_src[0:0]
    44/96: $11\alu_op[3:0]
    45/96: $10\imm_type[2:0]
    46/96: $6\result_src[1:0]
    47/96: $10\alu_src[0:0]
    48/96: $11\reg_write[0:0]
    49/96: $10\alu_op[3:0]
    50/96: $9\imm_type[2:0]
    51/96: $5\result_src[1:0]
    52/96: $9\alu_src[0:0]
    53/96: $10\reg_write[0:0]
    54/96: $9\alu_op[3:0]
    55/96: $8\imm_type[2:0]
    56/96: $4\result_src[1:0]
    57/96: $8\alu_src[0:0]
    58/96: $9\reg_write[0:0]
    59/96: $8\alu_op[3:0]
    60/96: $7\imm_type[2:0]
    61/96: $3\result_src[1:0]
    62/96: $7\alu_src[0:0]
    63/96: $8\reg_write[0:0]
    64/96: $7\alu_op[3:0]
    65/96: $6\imm_type[2:0]
    66/96: $2\result_src[1:0]
    67/96: $6\alu_src[0:0]
    68/96: $7\reg_write[0:0]
    69/96: $5\imm_type[2:0]
    70/96: $5\alu_src[0:0]
    71/96: $6\reg_write[0:0]
    72/96: $6\alu_op[3:0]
    73/96: $4\imm_type[2:0]
    74/96: $4\alu_src[0:0]
    75/96: $5\reg_write[0:0]
    76/96: $5\alu_op[3:0]
    77/96: $4\alu_op[3:0]
    78/96: $3\imm_type[2:0]
    79/96: $3\alu_src[0:0]
    80/96: $4\reg_write[0:0]
    81/96: $3\alu_op[3:0]
    82/96: $2\imm_type[2:0]
    83/96: $2\alu_src[0:0]
    84/96: $3\reg_write[0:0]
    85/96: $2\alu_op[3:0]
    86/96: $2\reg_write[0:0]
    87/96: $1\alu_op[3:0]
    88/96: $1\reg_write[0:0]
    89/96: $1\jump_type[1:0]
    90/96: $1\alu_a_pc[0:0]
    91/96: $1\branch_type[2:0]
    92/96: $1\imm_type[2:0]
    93/96: $1\branch[0:0]
    94/96: $1\result_src[1:0]
    95/96: $1\mem_write[0:0]
    96/96: $1\alu_src[0:0]
Creating decoders for process `\pipeline_mem_wb.$proc$rtl/pipeline_mem_wb.sv:24$121'.
     1/9: $0\out_pc_plus_4[31:0]
     2/9: $0\out_imm[31:0]
     3/9: $0\out_reg_write[0:0]
     4/9: $0\out_result_src[1:0]
     5/9: $0\out_rd_addr[4:0]
     6/9: $0\out_load_data[31:0]
     7/9: $0\out_alu_result[31:0]
     8/9: $0\out_pc[31:0]
     9/9: $0\out_valid[0:0]
Creating decoders for process `\pipeline_mem.$proc$rtl/pipeline_mem.sv:0$103'.
     1/8: $4\data_write_strb[3:0]
     2/8: $4\data_write_data[31:0]
     3/8: $3\data_write_strb[3:0]
     4/8: $3\data_write_data[31:0]
     5/8: $2\data_write_strb[3:0]
     6/8: $2\data_write_data[31:0]
     7/8: $1\data_write_strb[3:0]
     8/8: $1\data_write_data[31:0]
Creating decoders for process `\pipeline_mem.$proc$rtl/pipeline_mem.sv:0$97'.
     1/5: $5\out_load_data[31:0]
     2/5: $4\out_load_data[31:0]
     3/5: $3\out_load_data[31:0]
     4/5: $2\out_load_data[31:0]
     5/5: $1\out_load_data[31:0]
Creating decoders for process `\pipeline_ex_mem.$proc$rtl/pipeline_ex_mem.sv:32$76'.
     1/10: $0\out_pc_plus_4[31:0]
     2/10: $0\out_imm[31:0]
     3/10: $0\out_funct3[2:0]
     4/10: $0\out_mem_write[0:0]
     5/10: $0\out_reg_write[0:0]
     6/10: $0\out_result_src[1:0]
     7/10: $0\out_rd_addr[4:0]
     8/10: $0\out_store_data[31:0]
     9/10: $0\out_alu_result[31:0]
    10/10: $0\out_valid[0:0]
Creating decoders for process `\pipeline_ex.$proc$rtl/pipeline_ex.sv:0$67'.
     1/8: $4\out_redirect_pc[31:0]
     2/8: $4\out_redirect[0:0]
     3/8: $3\out_redirect_pc[31:0]
     4/8: $3\out_redirect[0:0]
     5/8: $2\out_redirect_pc[31:0]
     6/8: $2\out_redirect[0:0]
     7/8: $1\out_redirect_pc[31:0]
     8/8: $1\out_redirect[0:0]
Creating decoders for process `\pipeline_ex.$proc$rtl/pipeline_ex.sv:0$59'.
     1/2: $2\branch_taken[0:0]
     2/2: $1\branch_taken[0:0]
Creating decoders for process `\pipeline_ex.$proc$rtl/pipeline_ex.sv:0$46'.
     1/3: $3\rs2_fwd[31:0]
     2/3: $2\rs2_fwd[31:0]
     3/3: $1\rs2_fwd[31:0]
Creating decoders for process `\pipeline_ex.$proc$rtl/pipeline_ex.sv:0$35'.
     1/3: $3\rs1_fwd[31:0]
     2/3: $2\rs1_fwd[31:0]
     3/3: $1\rs1_fwd[31:0]
Creating decoders for process `\pipeline_id_ex.$proc$rtl/pipeline_id_ex.sv:52$30'.
     1/21: $0\out_uses_rs2[0:0]
     2/21: $0\out_uses_rs1[0:0]
     3/21: $0\out_jump_type[1:0]
     4/21: $0\out_branch_type[2:0]
     5/21: $0\out_branch[0:0]
     6/21: $0\out_mem_write[0:0]
     7/21: $0\out_reg_write[0:0]
     8/21: $0\out_result_src[1:0]
     9/21: $0\out_alu_a_pc[0:0]
    10/21: $0\out_alu_src[0:0]
    11/21: $0\out_alu_op[3:0]
    12/21: $0\out_funct3[2:0]
    13/21: $0\out_imm[31:0]
    14/21: $0\out_rs2_data[31:0]
    15/21: $0\out_rs1_data[31:0]
    16/21: $0\out_rd_addr[4:0]
    17/21: $0\out_rs2_addr[4:0]
    18/21: $0\out_rs1_addr[4:0]
    19/21: $0\out_pc_plus_4[31:0]
    20/21: $0\out_pc[31:0]
    21/21: $0\out_valid[0:0]
Creating decoders for process `\pipeline_id.$proc$rtl/pipeline_id.sv:0$29'.
     1/21: $1\out_uses_rs2[0:0]
     2/21: $1\out_uses_rs1[0:0]
     3/21: $1\out_jump_type[1:0]
     4/21: $1\out_branch_type[2:0]
     5/21: $1\out_branch[0:0]
     6/21: $1\out_mem_write[0:0]
     7/21: $1\out_reg_write[0:0]
     8/21: $1\out_result_src[1:0]
     9/21: $1\out_alu_a_pc[0:0]
    10/21: $1\out_alu_src[0:0]
    11/21: $1\out_alu_op[3:0]
    12/21: $1\out_funct3[2:0]
    13/21: $1\out_imm[31:0]
    14/21: $1\out_rs2_data[31:0]
    15/21: $1\out_rs1_data[31:0]
    16/21: $1\out_rd_addr[4:0]
    17/21: $1\out_rs2_addr[4:0]
    18/21: $1\out_rs1_addr[4:0]
    19/21: $1\out_pc_plus_4[31:0]
    20/21: $1\out_pc[31:0]
    21/21: $1\out_valid[0:0]
Creating decoders for process `\pipeline_id.$proc$rtl/pipeline_id.sv:0$28'.
     1/2: $1\id_uses_rs2[0:0]
     2/2: $1\id_uses_rs1[0:0]
Creating decoders for process `\pipeline_id.$proc$rtl/pipeline_id.sv:0$17'.
     1/2: $1\id_rs2_data[31:0]
     2/2: $1\id_rs1_data[31:0]
Creating decoders for process `\pipeline_frontend.$proc$rtl/pipeline_frontend.sv:27$11'.
     1/5: $0\if_id_pc_plus_4_q[31:0]
     2/5: $0\if_id_instr_q[31:0]
     3/5: $0\if_id_pc_q[31:0]
     4/5: $0\if_id_valid_q[0:0]
     5/5: $0\pc[31:0]
Creating decoders for process `\rv32i_pipeline_core.$proc$rtl/rv32i_pipeline_core.sv:202$8'.
     1/2: $0\cycle_count[31:0]
     2/2: $0\retired_count[31:0]
Creating decoders for process `\rv32i_pipeline_core.$proc$rtl/rv32i_pipeline_core.sv:0$5'.
     1/1: $1\wb_data[31:0]
Creating decoders for process `\rv32i_pipeline_core.$proc$rtl/rv32i_pipeline_core.sv:157$2'.
     1/1: $0\ex_mem_pc[31:0]
Creating decoders for process `\rv32i_pipeline_core.$proc$rtl/rv32i_pipeline_core.sv:0$1'.
     1/1: $1\ex_mem_forward_data[31:0]

16.2.8. Executing PROC_DLATCH pass (convert process syncs to latches).
No latch inferred for signal `\alu.\result' from process `\alu.$proc$rtl/alu.sv:0$160'.
No latch inferred for signal `\immediate_generator.\imm' from process `\immediate_generator.$proc$rtl/immediate_generator.sv:0$143'.
No latch inferred for signal `\decoder.\reg_write' from process `\decoder.$proc$rtl/decoder.sv:0$124'.
No latch inferred for signal `\decoder.\alu_src' from process `\decoder.$proc$rtl/decoder.sv:0$124'.
No latch inferred for signal `\decoder.\mem_write' from process `\decoder.$proc$rtl/decoder.sv:0$124'.
No latch inferred for signal `\decoder.\result_src' from process `\decoder.$proc$rtl/decoder.sv:0$124'.
No latch inferred for signal `\decoder.\branch' from process `\decoder.$proc$rtl/decoder.sv:0$124'.
No latch inferred for signal `\decoder.\imm_type' from process `\decoder.$proc$rtl/decoder.sv:0$124'.
No latch inferred for signal `\decoder.\alu_op' from process `\decoder.$proc$rtl/decoder.sv:0$124'.
No latch inferred for signal `\decoder.\branch_type' from process `\decoder.$proc$rtl/decoder.sv:0$124'.
No latch inferred for signal `\decoder.\alu_a_pc' from process `\decoder.$proc$rtl/decoder.sv:0$124'.
No latch inferred for signal `\decoder.\jump_type' from process `\decoder.$proc$rtl/decoder.sv:0$124'.
No latch inferred for signal `\pipeline_mem.\data_write_data' from process `\pipeline_mem.$proc$rtl/pipeline_mem.sv:0$103'.
No latch inferred for signal `\pipeline_mem.\data_write_strb' from process `\pipeline_mem.$proc$rtl/pipeline_mem.sv:0$103'.
No latch inferred for signal `\pipeline_mem.\out_load_data' from process `\pipeline_mem.$proc$rtl/pipeline_mem.sv:0$97'.
No latch inferred for signal `\pipeline_ex.\out_redirect' from process `\pipeline_ex.$proc$rtl/pipeline_ex.sv:0$67'.
No latch inferred for signal `\pipeline_ex.\out_redirect_pc' from process `\pipeline_ex.$proc$rtl/pipeline_ex.sv:0$67'.
No latch inferred for signal `\pipeline_ex.\branch_taken' from process `\pipeline_ex.$proc$rtl/pipeline_ex.sv:0$59'.
No latch inferred for signal `\pipeline_ex.\rs2_fwd' from process `\pipeline_ex.$proc$rtl/pipeline_ex.sv:0$46'.
No latch inferred for signal `\pipeline_ex.\rs1_fwd' from process `\pipeline_ex.$proc$rtl/pipeline_ex.sv:0$35'.
No latch inferred for signal `\pipeline_id.\out_valid' from process `\pipeline_id.$proc$rtl/pipeline_id.sv:0$29'.
No latch inferred for signal `\pipeline_id.\out_pc' from process `\pipeline_id.$proc$rtl/pipeline_id.sv:0$29'.
No latch inferred for signal `\pipeline_id.\out_pc_plus_4' from process `\pipeline_id.$proc$rtl/pipeline_id.sv:0$29'.
No latch inferred for signal `\pipeline_id.\out_rs1_addr' from process `\pipeline_id.$proc$rtl/pipeline_id.sv:0$29'.
No latch inferred for signal `\pipeline_id.\out_rs2_addr' from process `\pipeline_id.$proc$rtl/pipeline_id.sv:0$29'.
No latch inferred for signal `\pipeline_id.\out_rd_addr' from process `\pipeline_id.$proc$rtl/pipeline_id.sv:0$29'.
No latch inferred for signal `\pipeline_id.\out_rs1_data' from process `\pipeline_id.$proc$rtl/pipeline_id.sv:0$29'.
No latch inferred for signal `\pipeline_id.\out_rs2_data' from process `\pipeline_id.$proc$rtl/pipeline_id.sv:0$29'.
No latch inferred for signal `\pipeline_id.\out_imm' from process `\pipeline_id.$proc$rtl/pipeline_id.sv:0$29'.
No latch inferred for signal `\pipeline_id.\out_funct3' from process `\pipeline_id.$proc$rtl/pipeline_id.sv:0$29'.
No latch inferred for signal `\pipeline_id.\out_alu_op' from process `\pipeline_id.$proc$rtl/pipeline_id.sv:0$29'.
No latch inferred for signal `\pipeline_id.\out_alu_src' from process `\pipeline_id.$proc$rtl/pipeline_id.sv:0$29'.
No latch inferred for signal `\pipeline_id.\out_alu_a_pc' from process `\pipeline_id.$proc$rtl/pipeline_id.sv:0$29'.
No latch inferred for signal `\pipeline_id.\out_result_src' from process `\pipeline_id.$proc$rtl/pipeline_id.sv:0$29'.
No latch inferred for signal `\pipeline_id.\out_reg_write' from process `\pipeline_id.$proc$rtl/pipeline_id.sv:0$29'.
No latch inferred for signal `\pipeline_id.\out_mem_write' from process `\pipeline_id.$proc$rtl/pipeline_id.sv:0$29'.
No latch inferred for signal `\pipeline_id.\out_branch' from process `\pipeline_id.$proc$rtl/pipeline_id.sv:0$29'.
No latch inferred for signal `\pipeline_id.\out_branch_type' from process `\pipeline_id.$proc$rtl/pipeline_id.sv:0$29'.
No latch inferred for signal `\pipeline_id.\out_jump_type' from process `\pipeline_id.$proc$rtl/pipeline_id.sv:0$29'.
No latch inferred for signal `\pipeline_id.\out_uses_rs1' from process `\pipeline_id.$proc$rtl/pipeline_id.sv:0$29'.
No latch inferred for signal `\pipeline_id.\out_uses_rs2' from process `\pipeline_id.$proc$rtl/pipeline_id.sv:0$29'.
No latch inferred for signal `\pipeline_id.\id_uses_rs1' from process `\pipeline_id.$proc$rtl/pipeline_id.sv:0$28'.
No latch inferred for signal `\pipeline_id.\id_uses_rs2' from process `\pipeline_id.$proc$rtl/pipeline_id.sv:0$28'.
No latch inferred for signal `\pipeline_id.\id_rs1_data' from process `\pipeline_id.$proc$rtl/pipeline_id.sv:0$17'.
No latch inferred for signal `\pipeline_id.\id_rs2_data' from process `\pipeline_id.$proc$rtl/pipeline_id.sv:0$17'.
No latch inferred for signal `\rv32i_pipeline_core.\wb_data' from process `\rv32i_pipeline_core.$proc$rtl/rv32i_pipeline_core.sv:0$5'.
No latch inferred for signal `\rv32i_pipeline_core.\ex_mem_forward_data' from process `\rv32i_pipeline_core.$proc$rtl/rv32i_pipeline_core.sv:0$1'.

16.2.9. Executing PROC_DFF pass (convert process syncs to FFs).
Creating register for signal `\register_file.$memwr$\registers$rtl/register_file.sv:19$144_ADDR' using process `\register_file.$proc$rtl/register_file.sv:17$151'.
  created $dff cell `$procdff$1776' with positive edge clock.
Creating register for signal `\register_file.$memwr$\registers$rtl/register_file.sv:19$144_DATA' using process `\register_file.$proc$rtl/register_file.sv:17$151'.
  created $dff cell `$procdff$1777' with positive edge clock.
Creating register for signal `\register_file.$memwr$\registers$rtl/register_file.sv:19$144_EN' using process `\register_file.$proc$rtl/register_file.sv:17$151'.
  created $dff cell `$procdff$1778' with positive edge clock.
Creating register for signal `\pipeline_mem_wb.\out_valid' using process `\pipeline_mem_wb.$proc$rtl/pipeline_mem_wb.sv:24$121'.
  created $dff cell `$procdff$1779' with positive edge clock.
Creating register for signal `\pipeline_mem_wb.\out_pc' using process `\pipeline_mem_wb.$proc$rtl/pipeline_mem_wb.sv:24$121'.
  created $dff cell `$procdff$1780' with positive edge clock.
Creating register for signal `\pipeline_mem_wb.\out_pc_plus_4' using process `\pipeline_mem_wb.$proc$rtl/pipeline_mem_wb.sv:24$121'.
  created $dff cell `$procdff$1781' with positive edge clock.
Creating register for signal `\pipeline_mem_wb.\out_rd_addr' using process `\pipeline_mem_wb.$proc$rtl/pipeline_mem_wb.sv:24$121'.
  created $dff cell `$procdff$1782' with positive edge clock.
Creating register for signal `\pipeline_mem_wb.\out_imm' using process `\pipeline_mem_wb.$proc$rtl/pipeline_mem_wb.sv:24$121'.
  created $dff cell `$procdff$1783' with positive edge clock.
Creating register for signal `\pipeline_mem_wb.\out_result_src' using process `\pipeline_mem_wb.$proc$rtl/pipeline_mem_wb.sv:24$121'.
  created $dff cell `$procdff$1784' with positive edge clock.
Creating register for signal `\pipeline_mem_wb.\out_reg_write' using process `\pipeline_mem_wb.$proc$rtl/pipeline_mem_wb.sv:24$121'.
  created $dff cell `$procdff$1785' with positive edge clock.
Creating register for signal `\pipeline_mem_wb.\out_alu_result' using process `\pipeline_mem_wb.$proc$rtl/pipeline_mem_wb.sv:24$121'.
  created $dff cell `$procdff$1786' with positive edge clock.
Creating register for signal `\pipeline_mem_wb.\out_load_data' using process `\pipeline_mem_wb.$proc$rtl/pipeline_mem_wb.sv:24$121'.
  created $dff cell `$procdff$1787' with positive edge clock.
Creating register for signal `\pipeline_ex_mem.\out_valid' using process `\pipeline_ex_mem.$proc$rtl/pipeline_ex_mem.sv:32$76'.
  created $dff cell `$procdff$1788' with positive edge clock.
Creating register for signal `\pipeline_ex_mem.\out_pc_plus_4' using process `\pipeline_ex_mem.$proc$rtl/pipeline_ex_mem.sv:32$76'.
  created $dff cell `$procdff$1789' with positive edge clock.
Creating register for signal `\pipeline_ex_mem.\out_rd_addr' using process `\pipeline_ex_mem.$proc$rtl/pipeline_ex_mem.sv:32$76'.
  created $dff cell `$procdff$1790' with positive edge clock.
Creating register for signal `\pipeline_ex_mem.\out_imm' using process `\pipeline_ex_mem.$proc$rtl/pipeline_ex_mem.sv:32$76'.
  created $dff cell `$procdff$1791' with positive edge clock.
Creating register for signal `\pipeline_ex_mem.\out_funct3' using process `\pipeline_ex_mem.$proc$rtl/pipeline_ex_mem.sv:32$76'.
  created $dff cell `$procdff$1792' with positive edge clock.
Creating register for signal `\pipeline_ex_mem.\out_result_src' using process `\pipeline_ex_mem.$proc$rtl/pipeline_ex_mem.sv:32$76'.
  created $dff cell `$procdff$1793' with positive edge clock.
Creating register for signal `\pipeline_ex_mem.\out_reg_write' using process `\pipeline_ex_mem.$proc$rtl/pipeline_ex_mem.sv:32$76'.
  created $dff cell `$procdff$1794' with positive edge clock.
Creating register for signal `\pipeline_ex_mem.\out_mem_write' using process `\pipeline_ex_mem.$proc$rtl/pipeline_ex_mem.sv:32$76'.
  created $dff cell `$procdff$1795' with positive edge clock.
Creating register for signal `\pipeline_ex_mem.\out_alu_result' using process `\pipeline_ex_mem.$proc$rtl/pipeline_ex_mem.sv:32$76'.
  created $dff cell `$procdff$1796' with positive edge clock.
Creating register for signal `\pipeline_ex_mem.\out_store_data' using process `\pipeline_ex_mem.$proc$rtl/pipeline_ex_mem.sv:32$76'.
  created $dff cell `$procdff$1797' with positive edge clock.
Creating register for signal `\pipeline_id_ex.\out_valid' using process `\pipeline_id_ex.$proc$rtl/pipeline_id_ex.sv:52$30'.
  created $dff cell `$procdff$1798' with positive edge clock.
Creating register for signal `\pipeline_id_ex.\out_pc' using process `\pipeline_id_ex.$proc$rtl/pipeline_id_ex.sv:52$30'.
  created $dff cell `$procdff$1799' with positive edge clock.
Creating register for signal `\pipeline_id_ex.\out_pc_plus_4' using process `\pipeline_id_ex.$proc$rtl/pipeline_id_ex.sv:52$30'.
  created $dff cell `$procdff$1800' with positive edge clock.
Creating register for signal `\pipeline_id_ex.\out_rs1_addr' using process `\pipeline_id_ex.$proc$rtl/pipeline_id_ex.sv:52$30'.
  created $dff cell `$procdff$1801' with positive edge clock.
Creating register for signal `\pipeline_id_ex.\out_rs2_addr' using process `\pipeline_id_ex.$proc$rtl/pipeline_id_ex.sv:52$30'.
  created $dff cell `$procdff$1802' with positive edge clock.
Creating register for signal `\pipeline_id_ex.\out_rd_addr' using process `\pipeline_id_ex.$proc$rtl/pipeline_id_ex.sv:52$30'.
  created $dff cell `$procdff$1803' with positive edge clock.
Creating register for signal `\pipeline_id_ex.\out_rs1_data' using process `\pipeline_id_ex.$proc$rtl/pipeline_id_ex.sv:52$30'.
  created $dff cell `$procdff$1804' with positive edge clock.
Creating register for signal `\pipeline_id_ex.\out_rs2_data' using process `\pipeline_id_ex.$proc$rtl/pipeline_id_ex.sv:52$30'.
  created $dff cell `$procdff$1805' with positive edge clock.
Creating register for signal `\pipeline_id_ex.\out_imm' using process `\pipeline_id_ex.$proc$rtl/pipeline_id_ex.sv:52$30'.
  created $dff cell `$procdff$1806' with positive edge clock.
Creating register for signal `\pipeline_id_ex.\out_funct3' using process `\pipeline_id_ex.$proc$rtl/pipeline_id_ex.sv:52$30'.
  created $dff cell `$procdff$1807' with positive edge clock.
Creating register for signal `\pipeline_id_ex.\out_alu_op' using process `\pipeline_id_ex.$proc$rtl/pipeline_id_ex.sv:52$30'.
  created $dff cell `$procdff$1808' with positive edge clock.
Creating register for signal `\pipeline_id_ex.\out_alu_src' using process `\pipeline_id_ex.$proc$rtl/pipeline_id_ex.sv:52$30'.
  created $dff cell `$procdff$1809' with positive edge clock.
Creating register for signal `\pipeline_id_ex.\out_alu_a_pc' using process `\pipeline_id_ex.$proc$rtl/pipeline_id_ex.sv:52$30'.
  created $dff cell `$procdff$1810' with positive edge clock.
Creating register for signal `\pipeline_id_ex.\out_result_src' using process `\pipeline_id_ex.$proc$rtl/pipeline_id_ex.sv:52$30'.
  created $dff cell `$procdff$1811' with positive edge clock.
Creating register for signal `\pipeline_id_ex.\out_reg_write' using process `\pipeline_id_ex.$proc$rtl/pipeline_id_ex.sv:52$30'.
  created $dff cell `$procdff$1812' with positive edge clock.
Creating register for signal `\pipeline_id_ex.\out_mem_write' using process `\pipeline_id_ex.$proc$rtl/pipeline_id_ex.sv:52$30'.
  created $dff cell `$procdff$1813' with positive edge clock.
Creating register for signal `\pipeline_id_ex.\out_branch' using process `\pipeline_id_ex.$proc$rtl/pipeline_id_ex.sv:52$30'.
  created $dff cell `$procdff$1814' with positive edge clock.
Creating register for signal `\pipeline_id_ex.\out_branch_type' using process `\pipeline_id_ex.$proc$rtl/pipeline_id_ex.sv:52$30'.
  created $dff cell `$procdff$1815' with positive edge clock.
Creating register for signal `\pipeline_id_ex.\out_jump_type' using process `\pipeline_id_ex.$proc$rtl/pipeline_id_ex.sv:52$30'.
  created $dff cell `$procdff$1816' with positive edge clock.
Creating register for signal `\pipeline_id_ex.\out_uses_rs1' using process `\pipeline_id_ex.$proc$rtl/pipeline_id_ex.sv:52$30'.
  created $dff cell `$procdff$1817' with positive edge clock.
Creating register for signal `\pipeline_id_ex.\out_uses_rs2' using process `\pipeline_id_ex.$proc$rtl/pipeline_id_ex.sv:52$30'.
  created $dff cell `$procdff$1818' with positive edge clock.
Creating register for signal `\pipeline_frontend.\pc' using process `\pipeline_frontend.$proc$rtl/pipeline_frontend.sv:27$11'.
  created $dff cell `$procdff$1819' with positive edge clock.
Creating register for signal `\pipeline_frontend.\if_id_valid_q' using process `\pipeline_frontend.$proc$rtl/pipeline_frontend.sv:27$11'.
  created $dff cell `$procdff$1820' with positive edge clock.
Creating register for signal `\pipeline_frontend.\if_id_pc_q' using process `\pipeline_frontend.$proc$rtl/pipeline_frontend.sv:27$11'.
  created $dff cell `$procdff$1821' with positive edge clock.
Creating register for signal `\pipeline_frontend.\if_id_instr_q' using process `\pipeline_frontend.$proc$rtl/pipeline_frontend.sv:27$11'.
  created $dff cell `$procdff$1822' with positive edge clock.
Creating register for signal `\pipeline_frontend.\if_id_pc_plus_4_q' using process `\pipeline_frontend.$proc$rtl/pipeline_frontend.sv:27$11'.
  created $dff cell `$procdff$1823' with positive edge clock.
Creating register for signal `\rv32i_pipeline_core.\cycle_count' using process `\rv32i_pipeline_core.$proc$rtl/rv32i_pipeline_core.sv:202$8'.
  created $dff cell `$procdff$1824' with positive edge clock.
Creating register for signal `\rv32i_pipeline_core.\retired_count' using process `\rv32i_pipeline_core.$proc$rtl/rv32i_pipeline_core.sv:202$8'.
  created $dff cell `$procdff$1825' with positive edge clock.
Creating register for signal `\rv32i_pipeline_core.\ex_mem_pc' using process `\rv32i_pipeline_core.$proc$rtl/rv32i_pipeline_core.sv:157$2'.
  created $dff cell `$procdff$1826' with positive edge clock.

16.2.10. Executing PROC_MEMWR pass (convert process memory writes to cells).

16.2.11. Executing PROC_CLEAN pass (remove empty switches from decision trees).
Found and cleaned up 1 empty switch in `\alu.$proc$rtl/alu.sv:0$160'.
Removing empty process `alu.$proc$rtl/alu.sv:0$160'.
Found and cleaned up 1 empty switch in `\register_file.$proc$rtl/register_file.sv:17$151'.
Removing empty process `register_file.$proc$rtl/register_file.sv:17$151'.
Found and cleaned up 1 empty switch in `\immediate_generator.$proc$rtl/immediate_generator.sv:0$143'.
Removing empty process `immediate_generator.$proc$rtl/immediate_generator.sv:0$143'.
Found and cleaned up 21 empty switches in `\decoder.$proc$rtl/decoder.sv:0$124'.
Removing empty process `decoder.$proc$rtl/decoder.sv:0$124'.
Found and cleaned up 1 empty switch in `\pipeline_mem_wb.$proc$rtl/pipeline_mem_wb.sv:24$121'.
Removing empty process `pipeline_mem_wb.$proc$rtl/pipeline_mem_wb.sv:24$121'.
Found and cleaned up 4 empty switches in `\pipeline_mem.$proc$rtl/pipeline_mem.sv:0$103'.
Removing empty process `pipeline_mem.$proc$rtl/pipeline_mem.sv:0$103'.
Found and cleaned up 5 empty switches in `\pipeline_mem.$proc$rtl/pipeline_mem.sv:0$97'.
Removing empty process `pipeline_mem.$proc$rtl/pipeline_mem.sv:0$97'.
Found and cleaned up 1 empty switch in `\pipeline_ex_mem.$proc$rtl/pipeline_ex_mem.sv:32$76'.
Removing empty process `pipeline_ex_mem.$proc$rtl/pipeline_ex_mem.sv:32$76'.
Found and cleaned up 4 empty switches in `\pipeline_ex.$proc$rtl/pipeline_ex.sv:0$67'.
Removing empty process `pipeline_ex.$proc$rtl/pipeline_ex.sv:0$67'.
Found and cleaned up 2 empty switches in `\pipeline_ex.$proc$rtl/pipeline_ex.sv:0$59'.
Removing empty process `pipeline_ex.$proc$rtl/pipeline_ex.sv:0$59'.
Found and cleaned up 3 empty switches in `\pipeline_ex.$proc$rtl/pipeline_ex.sv:0$46'.
Removing empty process `pipeline_ex.$proc$rtl/pipeline_ex.sv:0$46'.
Found and cleaned up 3 empty switches in `\pipeline_ex.$proc$rtl/pipeline_ex.sv:0$35'.
Removing empty process `pipeline_ex.$proc$rtl/pipeline_ex.sv:0$35'.
Found and cleaned up 1 empty switch in `\pipeline_id_ex.$proc$rtl/pipeline_id_ex.sv:52$30'.
Removing empty process `pipeline_id_ex.$proc$rtl/pipeline_id_ex.sv:52$30'.
Found and cleaned up 1 empty switch in `\pipeline_id.$proc$rtl/pipeline_id.sv:0$29'.
Removing empty process `pipeline_id.$proc$rtl/pipeline_id.sv:0$29'.
Found and cleaned up 1 empty switch in `\pipeline_id.$proc$rtl/pipeline_id.sv:0$28'.
Removing empty process `pipeline_id.$proc$rtl/pipeline_id.sv:0$28'.
Found and cleaned up 2 empty switches in `\pipeline_id.$proc$rtl/pipeline_id.sv:0$17'.
Removing empty process `pipeline_id.$proc$rtl/pipeline_id.sv:0$17'.
Found and cleaned up 3 empty switches in `\pipeline_frontend.$proc$rtl/pipeline_frontend.sv:27$11'.
Removing empty process `pipeline_frontend.$proc$rtl/pipeline_frontend.sv:27$11'.
Found and cleaned up 2 empty switches in `\rv32i_pipeline_core.$proc$rtl/rv32i_pipeline_core.sv:202$8'.
Removing empty process `rv32i_pipeline_core.$proc$rtl/rv32i_pipeline_core.sv:202$8'.
Found and cleaned up 1 empty switch in `\rv32i_pipeline_core.$proc$rtl/rv32i_pipeline_core.sv:0$5'.
Removing empty process `rv32i_pipeline_core.$proc$rtl/rv32i_pipeline_core.sv:0$5'.
Found and cleaned up 1 empty switch in `\rv32i_pipeline_core.$proc$rtl/rv32i_pipeline_core.sv:157$2'.
Removing empty process `rv32i_pipeline_core.$proc$rtl/rv32i_pipeline_core.sv:157$2'.
Found and cleaned up 1 empty switch in `\rv32i_pipeline_core.$proc$rtl/rv32i_pipeline_core.sv:0$1'.
Removing empty process `rv32i_pipeline_core.$proc$rtl/rv32i_pipeline_core.sv:0$1'.
Cleaned up 60 empty switches.

16.2.12. Executing OPT_EXPR pass (perform const folding).
Optimizing module alu.
<suppressed ~1 debug messages>
Optimizing module register_file.
<suppressed ~3 debug messages>
Optimizing module immediate_generator.
<suppressed ~1 debug messages>
Optimizing module decoder.
<suppressed ~11 debug messages>
Optimizing module pipeline_mem_wb.
Optimizing module pipeline_mem.
<suppressed ~10 debug messages>
Optimizing module pipeline_hazard.
<suppressed ~1 debug messages>
Optimizing module pipeline_ex_mem.
Optimizing module pipeline_ex.
<suppressed ~3 debug messages>
Optimizing module pipeline_id_ex.
Optimizing module pipeline_id.
<suppressed ~2 debug messages>
Optimizing module pipeline_frontend.
Optimizing module rv32i_pipeline_core.
<suppressed ~2 debug messages>

16.3. Executing FLATTEN pass (flatten design).
Deleting now unused module alu.
Deleting now unused module register_file.
Deleting now unused module immediate_generator.
Deleting now unused module decoder.
Deleting now unused module pipeline_mem_wb.
Deleting now unused module pipeline_mem.
Deleting now unused module pipeline_hazard.
Deleting now unused module pipeline_ex_mem.
Deleting now unused module pipeline_ex.
Deleting now unused module pipeline_id_ex.
Deleting now unused module pipeline_id.
Deleting now unused module pipeline_frontend.
<suppressed ~12 debug messages>

16.4. Executing OPT_EXPR pass (perform const folding).
Optimizing module rv32i_pipeline_core.
<suppressed ~7 debug messages>

16.5. Executing OPT_CLEAN pass (remove unused cells and wires).
Finding unused cells or wires in module \rv32i_pipeline_core..
Removed 6 unused cells and 542 unused wires.
<suppressed ~8 debug messages>

16.6. Executing CHECK pass (checking for obvious problems).
Checking module rv32i_pipeline_core...
Found and reported 0 problems.

16.7. Executing OPT pass (performing simple optimizations).

16.7.1. Executing OPT_EXPR pass (perform const folding).
Optimizing module rv32i_pipeline_core.

16.7.2. Executing OPT_MERGE pass (detect identical cells).
Finding identical cells in module `\rv32i_pipeline_core'.
<suppressed ~654 debug messages>
Removed a total of 218 cells.

16.7.3. Executing OPT_MUXTREE pass (detect dead branches in mux trees).
Running muxtree optimizer on module \rv32i_pipeline_core..
  Creating internal representation of mux trees.
  Evaluating internal representation of mux trees.
  Analyzing evaluation results.
    dead port 2/2 on $mux $flatten\u_id.\u_decoder.$procmux$1004.
    dead port 2/2 on $mux $flatten\u_id.\u_decoder.$procmux$1006.
    dead port 2/2 on $mux $flatten\u_id.\u_decoder.$procmux$1019.
    dead port 2/2 on $mux $flatten\u_id.\u_decoder.$procmux$1021.
    dead port 2/2 on $mux $flatten\u_id.\u_decoder.$procmux$1034.
    dead port 2/2 on $mux $flatten\u_id.\u_decoder.$procmux$1036.
    dead port 2/2 on $mux $flatten\u_id.\u_decoder.$procmux$1050.
    dead port 2/2 on $mux $flatten\u_id.\u_decoder.$procmux$1052.
    dead port 2/2 on $mux $flatten\u_id.\u_decoder.$procmux$1065.
    dead port 2/2 on $mux $flatten\u_id.\u_decoder.$procmux$1067.
    dead port 2/2 on $mux $flatten\u_id.\u_decoder.$procmux$1081.
    dead port 2/2 on $mux $flatten\u_id.\u_decoder.$procmux$1083.
    dead port 2/2 on $mux $flatten\u_id.\u_decoder.$procmux$1097.
    dead port 2/2 on $mux $flatten\u_id.\u_decoder.$procmux$1099.
    dead port 1/2 on $mux $flatten\u_ex.$procmux$1459.
    dead port 1/2 on $mux $flatten\u_ex.$procmux$1462.
    dead port 2/2 on $mux $flatten\u_ex.$procmux$1464.
    dead port 2/2 on $mux $flatten\u_id.\u_decoder.$procmux$1118.
    dead port 1/2 on $mux $flatten\u_ex.$procmux$1471.
    dead port 1/2 on $mux $flatten\u_ex.$procmux$1474.
    dead port 2/2 on $mux $flatten\u_ex.$procmux$1476.
    dead port 1/2 on $mux $flatten\u_ex.$procmux$1483.
    dead port 2/2 on $mux $flatten\u_ex.$procmux$1485.
    dead port 1/2 on $mux $flatten\u_ex.$procmux$1492.
    dead port 2/2 on $mux $flatten\u_ex.$procmux$1494.
    dead port 2/2 on $mux $flatten\u_id.\u_decoder.$procmux$1137.
    dead port 2/2 on $mux $flatten\u_ex.$procmux$1500.
    dead port 2/2 on $mux $flatten\u_ex.$procmux$1506.
    dead port 2/2 on $mux $flatten\u_id.\u_decoder.$procmux$1156.
    dead port 2/2 on $mux $flatten\u_ex.$procmux$1523.
    dead port 1/2 on $mux $flatten\u_ex.$procmux$1533.
    dead port 2/2 on $mux $flatten\u_ex.$procmux$1535.
    dead port 2/2 on $mux $flatten\u_id.\u_decoder.$procmux$1175.
    dead port 2/2 on $mux $flatten\u_id.\u_decoder.$procmux$1197.
    dead port 2/2 on $mux $flatten\u_ex.$procmux$1541.
    dead port 1/2 on $mux $flatten\u_ex.$procmux$1551.
    dead port 2/2 on $mux $flatten\u_ex.$procmux$1553.
    dead port 2/2 on $mux $flatten\u_ex.$procmux$1559.
    dead port 2/2 on $mux $flatten\u_id.\u_decoder.$procmux$1220.
    dead port 2/2 on $mux $flatten\u_id.\u_decoder.$procmux$203.
    dead port 2/2 on $mux $flatten\u_id.\u_decoder.$procmux$208.
    dead port 2/2 on $mux $flatten\u_id.\u_decoder.$procmux$213.
    dead port 2/2 on $mux $flatten\u_id.\u_decoder.$procmux$219.
    dead port 2/2 on $mux $flatten\u_id.\u_decoder.$procmux$225.
    dead port 2/2 on $mux $flatten\u_id.\u_decoder.$procmux$230.
    dead port 2/2 on $mux $flatten\u_id.\u_decoder.$procmux$236.
    dead port 2/2 on $mux $flatten\u_id.\u_decoder.$procmux$246.
    dead port 2/2 on $mux $flatten\u_id.\u_decoder.$procmux$256.
    dead port 2/2 on $mux $flatten\u_id.\u_decoder.$procmux$266.
    dead port 2/2 on $mux $flatten\u_id.\u_decoder.$procmux$276.
    dead port 2/2 on $mux $flatten\u_id.\u_decoder.$procmux$286.
    dead port 2/2 on $mux $flatten\u_id.\u_decoder.$procmux$296.
    dead port 2/2 on $mux $flatten\u_id.\u_decoder.$procmux$306.
    dead port 2/2 on $mux $flatten\u_id.\u_decoder.$procmux$316.
    dead port 2/2 on $mux $flatten\u_id.\u_decoder.$procmux$326.
    dead port 2/2 on $mux $flatten\u_id.\u_decoder.$procmux$336.
    dead port 2/2 on $mux $flatten\u_id.\u_decoder.$procmux$346.
    dead port 2/2 on $mux $flatten\u_id.\u_decoder.$procmux$356.
    dead port 2/2 on $mux $flatten\u_id.\u_decoder.$procmux$366.
    dead port 2/2 on $mux $flatten\u_id.\u_decoder.$procmux$376.
    dead port 2/2 on $mux $flatten\u_id.\u_decoder.$procmux$386.
    dead port 2/2 on $mux $flatten\u_id.\u_decoder.$procmux$396.
    dead port 2/2 on $mux $flatten\u_id.\u_decoder.$procmux$406.
    dead port 2/2 on $mux $flatten\u_id.\u_decoder.$procmux$416.
    dead port 2/2 on $mux $flatten\u_id.\u_decoder.$procmux$426.
    dead port 2/2 on $mux $flatten\u_id.\u_decoder.$procmux$436.
    dead port 2/2 on $mux $flatten\u_id.\u_decoder.$procmux$446.
    dead port 2/2 on $mux $flatten\u_id.\u_decoder.$procmux$456.
    dead port 2/2 on $mux $flatten\u_id.\u_decoder.$procmux$466.
    dead port 2/2 on $mux $flatten\u_id.\u_decoder.$procmux$476.
    dead port 2/2 on $mux $flatten\u_id.\u_decoder.$procmux$487.
    dead port 2/2 on $mux $flatten\u_id.\u_decoder.$procmux$498.
    dead port 2/2 on $mux $flatten\u_id.\u_decoder.$procmux$509.
    dead port 2/2 on $mux $flatten\u_id.\u_decoder.$procmux$520.
    dead port 2/2 on $mux $flatten\u_id.\u_decoder.$procmux$531.
    dead port 2/2 on $mux $flatten\u_id.\u_decoder.$procmux$542.
    dead port 2/2 on $mux $flatten\u_id.\u_decoder.$procmux$553.
    dead port 2/2 on $mux $flatten\u_id.\u_decoder.$procmux$564.
    dead port 2/2 on $mux $flatten\u_id.\u_decoder.$procmux$574.
    dead port 2/2 on $mux $flatten\u_id.\u_decoder.$procmux$585.
    dead port 2/2 on $mux $flatten\u_id.\u_decoder.$procmux$596.
    dead port 2/2 on $mux $flatten\u_id.\u_decoder.$procmux$607.
    dead port 2/2 on $mux $flatten\u_id.\u_decoder.$procmux$619.
    dead port 2/2 on $mux $flatten\u_id.\u_decoder.$procmux$631.
    dead port 2/2 on $mux $flatten\u_id.\u_decoder.$procmux$643.
    dead port 2/2 on $mux $flatten\u_id.\u_decoder.$procmux$655.
    dead port 2/2 on $mux $flatten\u_id.\u_decoder.$procmux$667.
    dead port 2/2 on $mux $flatten\u_id.\u_decoder.$procmux$679.
    dead port 2/2 on $mux $flatten\u_id.\u_decoder.$procmux$691.
    dead port 2/2 on $mux $flatten\u_id.\u_decoder.$procmux$703.
    dead port 2/2 on $mux $flatten\u_id.\u_decoder.$procmux$715.
    dead port 2/2 on $mux $flatten\u_id.\u_decoder.$procmux$727.
    dead port 2/2 on $mux $flatten\u_id.\u_decoder.$procmux$739.
    dead port 2/2 on $mux $flatten\u_id.\u_decoder.$procmux$751.
    dead port 2/2 on $mux $flatten\u_id.\u_decoder.$procmux$763.
    dead port 2/2 on $mux $flatten\u_id.\u_decoder.$procmux$775.
    dead port 2/2 on $mux $flatten\u_id.\u_decoder.$procmux$787.
    dead port 2/2 on $mux $flatten\u_id.\u_decoder.$procmux$799.
    dead port 2/2 on $mux $flatten\u_id.\u_decoder.$procmux$811.
    dead port 2/2 on $mux $flatten\u_id.\u_decoder.$procmux$823.
    dead port 2/2 on $mux $flatten\u_id.\u_decoder.$procmux$835.
    dead port 2/2 on $mux $flatten\u_id.\u_decoder.$procmux$847.
    dead port 2/2 on $mux $flatten\u_id.\u_decoder.$procmux$858.
    dead port 2/2 on $mux $flatten\u_id.\u_decoder.$procmux$869.
    dead port 2/2 on $mux $flatten\u_id.\u_decoder.$procmux$881.
    dead port 2/2 on $mux $flatten\u_id.\u_decoder.$procmux$893.
    dead port 2/2 on $mux $flatten\u_id.\u_decoder.$procmux$905.
    dead port 1/2 on $mux $flatten\u_id.\u_decoder.$procmux$918.
    dead port 2/2 on $mux $flatten\u_id.\u_decoder.$procmux$920.
    dead port 2/2 on $mux $flatten\u_id.\u_decoder.$procmux$922.
    dead port 1/2 on $mux $flatten\u_id.\u_decoder.$procmux$936.
    dead port 2/2 on $mux $flatten\u_id.\u_decoder.$procmux$938.
    dead port 2/2 on $mux $flatten\u_id.\u_decoder.$procmux$940.
    dead port 1/2 on $mux $flatten\u_id.\u_decoder.$procmux$954.
    dead port 2/2 on $mux $flatten\u_id.\u_decoder.$procmux$956.
    dead port 2/2 on $mux $flatten\u_id.\u_decoder.$procmux$958.
    dead port 1/2 on $mux $flatten\u_id.\u_decoder.$procmux$972.
    dead port 2/2 on $mux $flatten\u_id.\u_decoder.$procmux$974.
    dead port 2/2 on $mux $flatten\u_id.\u_decoder.$procmux$976.
    dead port 2/2 on $mux $flatten\u_id.\u_decoder.$procmux$989.
    dead port 2/2 on $mux $flatten\u_id.\u_decoder.$procmux$991.
    dead port 2/2 on $mux $flatten\u_mem.$procmux$1324.
    dead port 2/2 on $mux $flatten\u_mem.$procmux$1326.
    dead port 2/2 on $mux $flatten\u_mem.$procmux$1333.
    dead port 2/2 on $mux $flatten\u_mem.$procmux$1335.
    dead port 2/2 on $mux $flatten\u_mem.$procmux$1343.
    dead port 2/2 on $mux $flatten\u_mem.$procmux$1345.
    dead port 2/2 on $mux $flatten\u_mem.$procmux$1353.
    dead port 2/2 on $mux $flatten\u_mem.$procmux$1355.
    dead port 2/2 on $mux $flatten\u_mem.$procmux$1363.
    dead port 2/2 on $mux $flatten\u_mem.$procmux$1371.
    dead port 2/2 on $mux $flatten\u_mem.$procmux$1384.
    dead port 2/2 on $mux $flatten\u_mem.$procmux$1386.
    dead port 2/2 on $mux $flatten\u_mem.$procmux$1395.
    dead port 2/2 on $mux $flatten\u_mem.$procmux$1397.
    dead port 2/2 on $mux $flatten\u_mem.$procmux$1407.
    dead port 2/2 on $mux $flatten\u_mem.$procmux$1409.
    dead port 2/2 on $mux $flatten\u_mem.$procmux$1419.
Removed 138 multiplexer ports.
<suppressed ~68 debug messages>

16.7.4. Executing OPT_REDUCE pass (consolidate $*mux and $reduce_* inputs).
  Optimizing cells in module \rv32i_pipeline_core.
    New ctrl vector for $pmux cell $flatten\u_id.\u_decoder.$procmux$1128: { $auto$opt_reduce.cc:134:opt_pmux$1829 $flatten\u_id.\u_decoder.$eq$rtl/decoder.sv:208$132_Y }
    New ctrl vector for $pmux cell $flatten\u_id.\u_decoder.$procmux$1147: { $auto$opt_reduce.cc:134:opt_pmux$1831 $flatten\u_id.\u_decoder.$eq$rtl/decoder.sv:187$129_Y $flatten\u_id.\u_decoder.$eq$rtl/decoder.sv:208$132_Y }
    New ctrl vector for $pmux cell $flatten\u_id.\u_decoder.$procmux$1166: { $auto$opt_reduce.cc:134:opt_pmux$1833 $flatten\u_id.\u_decoder.$eq$rtl/decoder.sv:187$129_Y $flatten\u_id.\u_decoder.$eq$rtl/decoder.sv:208$132_Y }
    New ctrl vector for $pmux cell $flatten\u_id.\u_decoder.$procmux$1209: $auto$opt_reduce.cc:134:opt_pmux$1835
    New ctrl vector for $pmux cell $flatten\u_id.\u_decoder.$procmux$1223: { $flatten\u_id.$procmux$1695_CMP $flatten\u_id.$procmux$1702_CMP $flatten\u_id.$procmux$1701_CMP $flatten\u_id.$procmux$1694_CMP $flatten\u_id.$procmux$1693_CMP }
    New ctrl vector for $pmux cell $flatten\u_id.\u_decoder.$procmux$1231: { $flatten\u_id.$procmux$1695_CMP $flatten\u_id.$procmux$1702_CMP $flatten\u_id.$procmux$1701_CMP $auto$opt_reduce.cc:134:opt_pmux$1837 $flatten\u_id.$procmux$1698_CMP }
    New ctrl vector for $pmux cell $flatten\u_id.$procmux$1692: $auto$opt_reduce.cc:134:opt_pmux$1839
    Consolidated identical input bits for $mux cell $flatten\u_id.\u_register_file.$procmux$184:
      Old ports: A=0, B=32'11111111111111111111111111111111, Y=$flatten\u_id.\u_register_file.$0$memwr$\registers$rtl/register_file.sv:19$144_EN[31:0]$154
      New ports: A=1'0, B=1'1, Y=$flatten\u_id.\u_register_file.$0$memwr$\registers$rtl/register_file.sv:19$144_EN[31:0]$154 [0]
      New connections: $flatten\u_id.\u_register_file.$0$memwr$\registers$rtl/register_file.sv:19$144_EN[31:0]$154 [31:1] = { $flatten\u_id.\u_register_file.$0$memwr$\registers$rtl/register_file.sv:19$144_EN[31:0]$154 [0] $flatten\u_id.\u_register_file.$0$memwr$\registers$rtl/register_file.sv:19$144_EN[31:0]$154 [0] $flatten\u_id.\u_register_file.$0$memwr$\registers$rtl/register_file.sv:19$144_EN[31:0]$154 [0] $flatten\u_id.\u_register_file.$0$memwr$\registers$rtl/register_file.sv:19$144_EN[31:0]$154 [0] $flatten\u_id.\u_register_file.$0$memwr$\registers$rtl/register_file.sv:19$144_EN[31:0]$154 [0] $flatten\u_id.\u_register_file.$0$memwr$\registers$rtl/register_file.sv:19$144_EN[31:0]$154 [0] $flatten\u_id.\u_register_file.$0$memwr$\registers$rtl/register_file.sv:19$144_EN[31:0]$154 [0] $flatten\u_id.\u_register_file.$0$memwr$\registers$rtl/register_file.sv:19$144_EN[31:0]$154 [0] $flatten\u_id.\u_register_file.$0$memwr$\registers$rtl/register_file.sv:19$144_EN[31:0]$154 [0] $flatten\u_id.\u_register_file.$0$memwr$\registers$rtl/register_file.sv:19$144_EN[31:0]$154 [0] $flatten\u_id.\u_register_file.$0$memwr$\registers$rtl/register_file.sv:19$144_EN[31:0]$154 [0] $flatten\u_id.\u_register_file.$0$memwr$\registers$rtl/register_file.sv:19$144_EN[31:0]$154 [0] $flatten\u_id.\u_register_file.$0$memwr$\registers$rtl/register_file.sv:19$144_EN[31:0]$154 [0] $flatten\u_id.\u_register_file.$0$memwr$\registers$rtl/register_file.sv:19$144_EN[31:0]$154 [0] $flatten\u_id.\u_register_file.$0$memwr$\registers$rtl/register_file.sv:19$144_EN[31:0]$154 [0] $flatten\u_id.\u_register_file.$0$memwr$\registers$rtl/register_file.sv:19$144_EN[31:0]$154 [0] $flatten\u_id.\u_register_file.$0$memwr$\registers$rtl/register_file.sv:19$144_EN[31:0]$154 [0] $flatten\u_id.\u_register_file.$0$memwr$\registers$rtl/register_file.sv:19$144_EN[31:0]$154 [0] $flatten\u_id.\u_register_file.$0$memwr$\registers$rtl/register_file.sv:19$144_EN[31:0]$154 [0] $flatten\u_id.\u_register_file.$0$memwr$\registers$rtl/register_file.sv:19$144_EN[31:0]$154 [0] $flatten\u_id.\u_register_file.$0$memwr$\registers$rtl/register_file.sv:19$144_EN[31:0]$154 [0] $flatten\u_id.\u_register_file.$0$memwr$\registers$rtl/register_file.sv:19$144_EN[31:0]$154 [0] $flatten\u_id.\u_register_file.$0$memwr$\registers$rtl/register_file.sv:19$144_EN[31:0]$154 [0] $flatten\u_id.\u_register_file.$0$memwr$\registers$rtl/register_file.sv:19$144_EN[31:0]$154 [0] $flatten\u_id.\u_register_file.$0$memwr$\registers$rtl/register_file.sv:19$144_EN[31:0]$154 [0] $flatten\u_id.\u_register_file.$0$memwr$\registers$rtl/register_file.sv:19$144_EN[31:0]$154 [0] $flatten\u_id.\u_register_file.$0$memwr$\registers$rtl/register_file.sv:19$144_EN[31:0]$154 [0] $flatten\u_id.\u_register_file.$0$memwr$\registers$rtl/register_file.sv:19$144_EN[31:0]$154 [0] $flatten\u_id.\u_register_file.$0$memwr$\registers$rtl/register_file.sv:19$144_EN[31:0]$154 [0] $flatten\u_id.\u_register_file.$0$memwr$\registers$rtl/register_file.sv:19$144_EN[31:0]$154 [0] $flatten\u_id.\u_register_file.$0$memwr$\registers$rtl/register_file.sv:19$144_EN[31:0]$154 [0] }
    New ctrl vector for $pmux cell $flatten\u_id.$procmux$1697: $auto$opt_reduce.cc:134:opt_pmux$1841
    New ctrl vector for $pmux cell $flatten\u_id.\u_decoder.$procmux$1244: $flatten\u_id.\u_decoder.$procmux$1234_CMP
    New ctrl vector for $pmux cell $flatten\u_id.\u_decoder.$procmux$1255: { $flatten\u_id.$procmux$1702_CMP $flatten\u_id.$procmux$1701_CMP $flatten\u_id.$procmux$1694_CMP $flatten\u_id.$procmux$1693_CMP $auto$opt_reduce.cc:134:opt_pmux$1843 $flatten\u_id.\u_decoder.$procmux$1233_CMP }
    New ctrl vector for $pmux cell $flatten\u_id.\u_decoder.$procmux$1128: $auto$opt_reduce.cc:134:opt_pmux$1845
    New ctrl vector for $pmux cell $flatten\u_id.\u_decoder.$procmux$1223: { $flatten\u_id.$procmux$1695_CMP $flatten\u_id.$procmux$1702_CMP $flatten\u_id.$procmux$1701_CMP $flatten\u_id.$procmux$1693_CMP }
    New input vector for $reduce_or cell $auto$opt_reduce.cc:128:opt_pmux$1844: { $flatten\u_id.\u_decoder.$procmux$1112_CMP $flatten\u_id.\u_decoder.$eq$rtl/decoder.sv:269$141_Y $flatten\u_id.\u_decoder.$eq$rtl/decoder.sv:263$140_Y $flatten\u_id.\u_decoder.$eq$rtl/decoder.sv:208$132_Y $flatten\u_id.\u_decoder.$eq$rtl/decoder.sv:201$131_Y $flatten\u_id.\u_decoder.$eq$rtl/decoder.sv:194$130_Y $flatten\u_id.\u_decoder.$eq$rtl/decoder.sv:187$129_Y $flatten\u_id.\u_decoder.$eq$rtl/decoder.sv:180$128_Y }
    New ctrl vector for $pmux cell $flatten\u_id.\u_decoder.$procmux$1223: { $flatten\u_id.$procmux$1695_CMP $flatten\u_id.$procmux$1702_CMP $flatten\u_id.$procmux$1693_CMP }
    New ctrl vector for $pmux cell $flatten\u_id.\u_decoder.$procmux$1255: { $flatten\u_id.$procmux$1702_CMP $flatten\u_id.$procmux$1694_CMP $flatten\u_id.$procmux$1693_CMP $auto$opt_reduce.cc:134:opt_pmux$1843 $flatten\u_id.\u_decoder.$procmux$1233_CMP }
  Optimizing cells in module \rv32i_pipeline_core.
Performed a total of 27 changes.

16.7.5. Executing OPT_MERGE pass (detect identical cells).
Finding identical cells in module `\rv32i_pipeline_core'.
<suppressed ~66 debug messages>
Removed a total of 22 cells.

16.7.6. Executing OPT_DFF pass (perform DFF optimizations).

16.7.7. Executing OPT_CLEAN pass (remove unused cells and wires).
Finding unused cells or wires in module \rv32i_pipeline_core..
Removed 1 unused cells and 390 unused wires.
<suppressed ~2 debug messages>

16.7.8. Executing OPT_EXPR pass (perform const folding).
Optimizing module rv32i_pipeline_core.

16.7.9. Rerunning OPT passes. (Maybe there is more to do..)

16.7.10. Executing OPT_MUXTREE pass (detect dead branches in mux trees).
Running muxtree optimizer on module \rv32i_pipeline_core..
  Creating internal representation of mux trees.
  Evaluating internal representation of mux trees.
  Analyzing evaluation results.
Removed 0 multiplexer ports.
<suppressed ~77 debug messages>

16.7.11. Executing OPT_REDUCE pass (consolidate $*mux and $reduce_* inputs).
  Optimizing cells in module \rv32i_pipeline_core.
Performed a total of 0 changes.

16.7.12. Executing OPT_MERGE pass (detect identical cells).
Finding identical cells in module `\rv32i_pipeline_core'.
Removed a total of 0 cells.

16.7.13. Executing OPT_DFF pass (perform DFF optimizations).

16.7.14. Executing OPT_CLEAN pass (remove unused cells and wires).
Finding unused cells or wires in module \rv32i_pipeline_core..

16.7.15. Executing OPT_EXPR pass (perform const folding).
Optimizing module rv32i_pipeline_core.

16.7.16. Finished OPT passes. (There is nothing left to do.)

16.8. Executing FSM pass (extract and optimize FSM).

16.8.1. Executing FSM_DETECT pass (finding FSMs in design).
Found FSM state register rv32i_pipeline_core.u_id_ex.out_alu_op.
Found FSM state register rv32i_pipeline_core.u_id_ex.out_branch_type.
Found FSM state register rv32i_pipeline_core.u_id_ex.out_jump_type.
Not marking rv32i_pipeline_core.u_id_ex.out_result_src as FSM state register:
    Users of register don't seem to benefit from recoding.

16.8.2. Executing FSM_EXTRACT pass (extracting FSM from design).
Extracting FSM `\u_id_ex.out_alu_op' from module `\rv32i_pipeline_core'.
  found $dff cell for state register: $flatten\u_id_ex.$procdff$1808
  root of input selection tree: $flatten\u_id_ex.$0\out_alu_op[3:0]
  found reset state: 4'0000 (guessed from mux tree)
  found ctrl input: $flatten\u_id_ex.$logic_or$rtl/pipeline_id_ex.sv:53$34_Y
  found ctrl input: \u_frontend.if_id_valid_q
  found state code: 4'0000
  found ctrl input: $flatten\u_id.$procmux$1693_CMP
  found ctrl input: $flatten\u_id.$procmux$1702_CMP
  found ctrl input: $flatten\u_id.$procmux$1695_CMP
  found ctrl input: $flatten\u_id.\u_decoder.$eq$rtl/decoder.sv:269$141_Y
  found ctrl input: $flatten\u_id.\u_decoder.$eq$rtl/decoder.sv:263$140_Y
  found ctrl input: $flatten\u_id.\u_decoder.$eq$rtl/decoder.sv:208$132_Y
  found ctrl input: $flatten\u_id.\u_decoder.$eq$rtl/decoder.sv:201$131_Y
  found ctrl input: $flatten\u_id.\u_decoder.$eq$rtl/decoder.sv:187$129_Y
  found ctrl input: $flatten\u_id.\u_decoder.$eq$rtl/decoder.sv:180$128_Y
  found state code: 4'0001
  found ctrl input: $flatten\u_id.\u_decoder.$procmux$1112_CMP
  found ctrl input: $flatten\u_id.\u_decoder.$eq$rtl/decoder.sv:194$130_Y
  found ctrl input: $flatten\u_id.\u_decoder.$eq$rtl/decoder.sv:161$126_Y
  found ctrl input: $flatten\u_id.\u_decoder.$eq$rtl/decoder.sv:153$125_Y
  found state code: 4'0110
  found state code: 4'0111
  found state code: 4'0101
  found state code: 4'1001
  found state code: 4'0100
  found state code: 4'1000
  found state code: 4'0011
  found state code: 4'0010
  found ctrl input: $flatten\u_id.\u_decoder.$procmux$1188_CMP
  found ctrl input: $flatten\u_id.\u_decoder.$procmux$1189_CMP
  found ctrl input: $flatten\u_id.\u_decoder.$procmux$1190_CMP
  found ctrl input: $flatten\u_id.\u_decoder.$procmux$1191_CMP
  found ctrl input: $flatten\u_id.\u_decoder.$procmux$1192_CMP
  found ctrl input: $flatten\u_id.\u_decoder.$procmux$1193_CMP
  found ctrl input: $flatten\u_id.\u_decoder.$procmux$1194_CMP
  found ctrl input: $flatten\u_id.\u_decoder.$procmux$1195_CMP
  found ctrl input: $flatten\u_id.\u_decoder.$procmux$1196_CMP
  found ctrl output: $flatten\u_ex.\u_alu.$procmux$173_CMP
  found ctrl output: $flatten\u_ex.\u_alu.$procmux$174_CMP
  found ctrl output: $flatten\u_ex.\u_alu.$procmux$175_CMP
  found ctrl output: $flatten\u_ex.\u_alu.$procmux$176_CMP
  found ctrl output: $flatten\u_ex.\u_alu.$procmux$177_CMP
  found ctrl output: $flatten\u_ex.\u_alu.$procmux$178_CMP
  found ctrl output: $flatten\u_ex.\u_alu.$procmux$179_CMP
  found ctrl output: $flatten\u_ex.\u_alu.$procmux$180_CMP
  found ctrl output: $flatten\u_ex.\u_alu.$procmux$181_CMP
  found ctrl output: $flatten\u_ex.\u_alu.$procmux$182_CMP
  ctrl inputs: { $flatten\u_id_ex.$logic_or$rtl/pipeline_id_ex.sv:53$34_Y $flatten\u_id.$procmux$1693_CMP $flatten\u_id.$procmux$1695_CMP $flatten\u_id.$procmux$1702_CMP $flatten\u_id.\u_decoder.$procmux$1196_CMP $flatten\u_id.\u_decoder.$procmux$1195_CMP $flatten\u_id.\u_decoder.$procmux$1194_CMP $flatten\u_id.\u_decoder.$procmux$1193_CMP $flatten\u_id.\u_decoder.$procmux$1192_CMP $flatten\u_id.\u_decoder.$procmux$1191_CMP $flatten\u_id.\u_decoder.$procmux$1190_CMP $flatten\u_id.\u_decoder.$procmux$1189_CMP $flatten\u_id.\u_decoder.$procmux$1188_CMP $flatten\u_id.\u_decoder.$procmux$1112_CMP $flatten\u_id.\u_decoder.$eq$rtl/decoder.sv:269$141_Y $flatten\u_id.\u_decoder.$eq$rtl/decoder.sv:263$140_Y $flatten\u_id.\u_decoder.$eq$rtl/decoder.sv:208$132_Y $flatten\u_id.\u_decoder.$eq$rtl/decoder.sv:201$131_Y $flatten\u_id.\u_decoder.$eq$rtl/decoder.sv:194$130_Y $flatten\u_id.\u_decoder.$eq$rtl/decoder.sv:187$129_Y $flatten\u_id.\u_decoder.$eq$rtl/decoder.sv:180$128_Y $flatten\u_id.\u_decoder.$eq$rtl/decoder.sv:161$126_Y $flatten\u_id.\u_decoder.$eq$rtl/decoder.sv:153$125_Y \u_frontend.if_id_valid_q }
  ctrl outputs: { $flatten\u_ex.\u_alu.$procmux$173_CMP $flatten\u_ex.\u_alu.$procmux$174_CMP $flatten\u_ex.\u_alu.$procmux$175_CMP $flatten\u_ex.\u_alu.$procmux$176_CMP $flatten\u_ex.\u_alu.$procmux$177_CMP $flatten\u_ex.\u_alu.$procmux$178_CMP $flatten\u_ex.\u_alu.$procmux$179_CMP $flatten\u_ex.\u_alu.$procmux$180_CMP $flatten\u_ex.\u_alu.$procmux$181_CMP $flatten\u_ex.\u_alu.$procmux$182_CMP $flatten\u_id_ex.$0\out_alu_op[3:0] }
  transition:     4'0000 24'0----------------------0 ->     4'0000 14'00000000010000
  transition:     4'0000 24'0000-------------------1 ->     4'0000 14'00000000010000
  transition:     4'0000 24'0-1-000000000----------1 ->     4'0000 14'00000000010000
  transition:     4'0000 24'0-1-1------------------1 ->     4'0001 14'00000000010001
  transition:     4'0000 24'0-1--1-----------------1 ->     4'0010 14'00000000010010
  transition:     4'0000 24'0-1---1----------------1 ->     4'0011 14'00000000010011
  transition:     4'0000 24'0-1----1---------------1 ->     4'1000 14'00000000011000
  transition:     4'0000 24'0-1-----1--------------1 ->     4'0100 14'00000000010100
  transition:     4'0000 24'0-1------1-------------1 ->     4'1001 14'00000000011001
  transition:     4'0000 24'0-1-------1------------1 ->     4'0101 14'00000000010101
  transition:     4'0000 24'0-1--------1-----------1 ->     4'0110 14'00000000010110
  transition:     4'0000 24'0-1---------1----------1 ->     4'0111 14'00000000010111
  transition:     4'0000 24'0--1---------00000000--1 -> INVALID_STATE(4'x) 14'0000000001xxxx  <ignored invalid transition!>
  transition:     4'0000 24'0--1----------------1--1 ->     4'0000 14'00000000010000
  transition:     4'0000 24'0--1----------1--------1 ->     4'0010 14'00000000010010
  transition:     4'0000 24'0--1-----------1-------1 ->     4'0011 14'00000000010011
  transition:     4'0000 24'0--1--------------1----1 ->     4'1000 14'00000000011000
  transition:     4'0000 24'0--1-------------1-----1 ->     4'0100 14'00000000010100
  transition:     4'0000 24'0--1---------1---------1 ->     4'1001 14'00000000011001
  transition:     4'0000 24'0--1---------------1--01 ->     4'0000 14'00000000010000
  transition:     4'0000 24'0--1---------------1--11 ->     4'0101 14'00000000010101
  transition:     4'0000 24'0--1------------1----001 ->     4'0000 14'00000000010000
  transition:     4'0000 24'0--1------------1----011 ->     4'0110 14'00000000010110
  transition:     4'0000 24'0--1------------1----1-1 ->     4'0111 14'00000000010111
  transition:     4'0000 24'01------------0000-00--1 ->     4'0000 14'00000000010000
  transition:     4'0000 24'01------------------1--1 ->     4'0001 14'00000000010001
  transition:     4'0000 24'01-----------------1---1 ->     4'0001 14'00000000010001
  transition:     4'0000 24'01---------------1-----1 ->     4'0001 14'00000000010001
  transition:     4'0000 24'01--------------1------1 ->     4'0001 14'00000000010001
  transition:     4'0000 24'01-------------1-------1 ->     4'0001 14'00000000010001
  transition:     4'0000 24'01------------1--------1 ->     4'0001 14'00000000010001
  transition:     4'0000 24'1----------------------- ->     4'0000 14'00000000010000
  transition:     4'1000 24'0----------------------0 ->     4'0000 14'01000000000000
  transition:     4'1000 24'0000-------------------1 ->     4'0000 14'01000000000000
  transition:     4'1000 24'0-1-000000000----------1 ->     4'0000 14'01000000000000
  transition:     4'1000 24'0-1-1------------------1 ->     4'0001 14'01000000000001
  transition:     4'1000 24'0-1--1-----------------1 ->     4'0010 14'01000000000010
  transition:     4'1000 24'0-1---1----------------1 ->     4'0011 14'01000000000011
  transition:     4'1000 24'0-1----1---------------1 ->     4'1000 14'01000000001000
  transition:     4'1000 24'0-1-----1--------------1 ->     4'0100 14'01000000000100
  transition:     4'1000 24'0-1------1-------------1 ->     4'1001 14'01000000001001
  transition:     4'1000 24'0-1-------1------------1 ->     4'0101 14'01000000000101
  transition:     4'1000 24'0-1--------1-----------1 ->     4'0110 14'01000000000110
  transition:     4'1000 24'0-1---------1----------1 ->     4'0111 14'01000000000111
  transition:     4'1000 24'0--1---------00000000--1 -> INVALID_STATE(4'x) 14'0100000000xxxx  <ignored invalid transition!>
  transition:     4'1000 24'0--1----------------1--1 ->     4'0000 14'01000000000000
  transition:     4'1000 24'0--1----------1--------1 ->     4'0010 14'01000000000010
  transition:     4'1000 24'0--1-----------1-------1 ->     4'0011 14'01000000000011
  transition:     4'1000 24'0--1--------------1----1 ->     4'1000 14'01000000001000
  transition:     4'1000 24'0--1-------------1-----1 ->     4'0100 14'01000000000100
  transition:     4'1000 24'0--1---------1---------1 ->     4'1001 14'01000000001001
  transition:     4'1000 24'0--1---------------1--01 ->     4'0000 14'01000000000000
  transition:     4'1000 24'0--1---------------1--11 ->     4'0101 14'01000000000101
  transition:     4'1000 24'0--1------------1----001 ->     4'0000 14'01000000000000
  transition:     4'1000 24'0--1------------1----011 ->     4'0110 14'01000000000110
  transition:     4'1000 24'0--1------------1----1-1 ->     4'0111 14'01000000000111
  transition:     4'1000 24'01------------0000-00--1 ->     4'0000 14'01000000000000
  transition:     4'1000 24'01------------------1--1 ->     4'0001 14'01000000000001
  transition:     4'1000 24'01-----------------1---1 ->     4'0001 14'01000000000001
  transition:     4'1000 24'01---------------1-----1 ->     4'0001 14'01000000000001
  transition:     4'1000 24'01--------------1------1 ->     4'0001 14'01000000000001
  transition:     4'1000 24'01-------------1-------1 ->     4'0001 14'01000000000001
  transition:     4'1000 24'01------------1--------1 ->     4'0001 14'01000000000001
  transition:     4'1000 24'1----------------------- ->     4'0000 14'01000000000000
  transition:     4'0100 24'0----------------------0 ->     4'0000 14'00000100000000
  transition:     4'0100 24'0000-------------------1 ->     4'0000 14'00000100000000
  transition:     4'0100 24'0-1-000000000----------1 ->     4'0000 14'00000100000000
  transition:     4'0100 24'0-1-1------------------1 ->     4'0001 14'00000100000001
  transition:     4'0100 24'0-1--1-----------------1 ->     4'0010 14'00000100000010
  transition:     4'0100 24'0-1---1----------------1 ->     4'0011 14'00000100000011
  transition:     4'0100 24'0-1----1---------------1 ->     4'1000 14'00000100001000
  transition:     4'0100 24'0-1-----1--------------1 ->     4'0100 14'00000100000100
  transition:     4'0100 24'0-1------1-------------1 ->     4'1001 14'00000100001001
  transition:     4'0100 24'0-1-------1------------1 ->     4'0101 14'00000100000101
  transition:     4'0100 24'0-1--------1-----------1 ->     4'0110 14'00000100000110
  transition:     4'0100 24'0-1---------1----------1 ->     4'0111 14'00000100000111
  transition:     4'0100 24'0--1---------00000000--1 -> INVALID_STATE(4'x) 14'0000010000xxxx  <ignored invalid transition!>
  transition:     4'0100 24'0--1----------------1--1 ->     4'0000 14'00000100000000
  transition:     4'0100 24'0--1----------1--------1 ->     4'0010 14'00000100000010
  transition:     4'0100 24'0--1-----------1-------1 ->     4'0011 14'00000100000011
  transition:     4'0100 24'0--1--------------1----1 ->     4'1000 14'00000100001000
  transition:     4'0100 24'0--1-------------1-----1 ->     4'0100 14'00000100000100
  transition:     4'0100 24'0--1---------1---------1 ->     4'1001 14'00000100001001
  transition:     4'0100 24'0--1---------------1--01 ->     4'0000 14'00000100000000
  transition:     4'0100 24'0--1---------------1--11 ->     4'0101 14'00000100000101
  transition:     4'0100 24'0--1------------1----001 ->     4'0000 14'00000100000000
  transition:     4'0100 24'0--1------------1----011 ->     4'0110 14'00000100000110
  transition:     4'0100 24'0--1------------1----1-1 ->     4'0111 14'00000100000111
  transition:     4'0100 24'01------------0000-00--1 ->     4'0000 14'00000100000000
  transition:     4'0100 24'01------------------1--1 ->     4'0001 14'00000100000001
  transition:     4'0100 24'01-----------------1---1 ->     4'0001 14'00000100000001
  transition:     4'0100 24'01---------------1-----1 ->     4'0001 14'00000100000001
  transition:     4'0100 24'01--------------1------1 ->     4'0001 14'00000100000001
  transition:     4'0100 24'01-------------1-------1 ->     4'0001 14'00000100000001
  transition:     4'0100 24'01------------1--------1 ->     4'0001 14'00000100000001
  transition:     4'0100 24'1----------------------- ->     4'0000 14'00000100000000
  transition:     4'0010 24'0----------------------0 ->     4'0000 14'00000001000000
  transition:     4'0010 24'0000-------------------1 ->     4'0000 14'00000001000000
  transition:     4'0010 24'0-1-000000000----------1 ->     4'0000 14'00000001000000
  transition:     4'0010 24'0-1-1------------------1 ->     4'0001 14'00000001000001
  transition:     4'0010 24'0-1--1-----------------1 ->     4'0010 14'00000001000010
  transition:     4'0010 24'0-1---1----------------1 ->     4'0011 14'00000001000011
  transition:     4'0010 24'0-1----1---------------1 ->     4'1000 14'00000001001000
  transition:     4'0010 24'0-1-----1--------------1 ->     4'0100 14'00000001000100
  transition:     4'0010 24'0-1------1-------------1 ->     4'1001 14'00000001001001
  transition:     4'0010 24'0-1-------1------------1 ->     4'0101 14'00000001000101
  transition:     4'0010 24'0-1--------1-----------1 ->     4'0110 14'00000001000110
  transition:     4'0010 24'0-1---------1----------1 ->     4'0111 14'00000001000111
  transition:     4'0010 24'0--1---------00000000--1 -> INVALID_STATE(4'x) 14'0000000100xxxx  <ignored invalid transition!>
  transition:     4'0010 24'0--1----------------1--1 ->     4'0000 14'00000001000000
  transition:     4'0010 24'0--1----------1--------1 ->     4'0010 14'00000001000010
  transition:     4'0010 24'0--1-----------1-------1 ->     4'0011 14'00000001000011
  transition:     4'0010 24'0--1--------------1----1 ->     4'1000 14'00000001001000
  transition:     4'0010 24'0--1-------------1-----1 ->     4'0100 14'00000001000100
  transition:     4'0010 24'0--1---------1---------1 ->     4'1001 14'00000001001001
  transition:     4'0010 24'0--1---------------1--01 ->     4'0000 14'00000001000000
  transition:     4'0010 24'0--1---------------1--11 ->     4'0101 14'00000001000101
  transition:     4'0010 24'0--1------------1----001 ->     4'0000 14'00000001000000
  transition:     4'0010 24'0--1------------1----011 ->     4'0110 14'00000001000110
  transition:     4'0010 24'0--1------------1----1-1 ->     4'0111 14'00000001000111
  transition:     4'0010 24'01------------0000-00--1 ->     4'0000 14'00000001000000
  transition:     4'0010 24'01------------------1--1 ->     4'0001 14'00000001000001
  transition:     4'0010 24'01-----------------1---1 ->     4'0001 14'00000001000001
  transition:     4'0010 24'01---------------1-----1 ->     4'0001 14'00000001000001
  transition:     4'0010 24'01--------------1------1 ->     4'0001 14'00000001000001
  transition:     4'0010 24'01-------------1-------1 ->     4'0001 14'00000001000001
  transition:     4'0010 24'01------------1--------1 ->     4'0001 14'00000001000001
  transition:     4'0010 24'1----------------------- ->     4'0000 14'00000001000000
  transition:     4'0110 24'0----------------------0 ->     4'0000 14'00010000000000
  transition:     4'0110 24'0000-------------------1 ->     4'0000 14'00010000000000
  transition:     4'0110 24'0-1-000000000----------1 ->     4'0000 14'00010000000000
  transition:     4'0110 24'0-1-1------------------1 ->     4'0001 14'00010000000001
  transition:     4'0110 24'0-1--1-----------------1 ->     4'0010 14'00010000000010
  transition:     4'0110 24'0-1---1----------------1 ->     4'0011 14'00010000000011
  transition:     4'0110 24'0-1----1---------------1 ->     4'1000 14'00010000001000
  transition:     4'0110 24'0-1-----1--------------1 ->     4'0100 14'00010000000100
  transition:     4'0110 24'0-1------1-------------1 ->     4'1001 14'00010000001001
  transition:     4'0110 24'0-1-------1------------1 ->     4'0101 14'00010000000101
  transition:     4'0110 24'0-1--------1-----------1 ->     4'0110 14'00010000000110
  transition:     4'0110 24'0-1---------1----------1 ->     4'0111 14'00010000000111
  transition:     4'0110 24'0--1---------00000000--1 -> INVALID_STATE(4'x) 14'0001000000xxxx  <ignored invalid transition!>
  transition:     4'0110 24'0--1----------------1--1 ->     4'0000 14'00010000000000
  transition:     4'0110 24'0--1----------1--------1 ->     4'0010 14'00010000000010
  transition:     4'0110 24'0--1-----------1-------1 ->     4'0011 14'00010000000011
  transition:     4'0110 24'0--1--------------1----1 ->     4'1000 14'00010000001000
  transition:     4'0110 24'0--1-------------1-----1 ->     4'0100 14'00010000000100
  transition:     4'0110 24'0--1---------1---------1 ->     4'1001 14'00010000001001
  transition:     4'0110 24'0--1---------------1--01 ->     4'0000 14'00010000000000
  transition:     4'0110 24'0--1---------------1--11 ->     4'0101 14'00010000000101
  transition:     4'0110 24'0--1------------1----001 ->     4'0000 14'00010000000000
  transition:     4'0110 24'0--1------------1----011 ->     4'0110 14'00010000000110
  transition:     4'0110 24'0--1------------1----1-1 ->     4'0111 14'00010000000111
  transition:     4'0110 24'01------------0000-00--1 ->     4'0000 14'00010000000000
  transition:     4'0110 24'01------------------1--1 ->     4'0001 14'00010000000001
  transition:     4'0110 24'01-----------------1---1 ->     4'0001 14'00010000000001
  transition:     4'0110 24'01---------------1-----1 ->     4'0001 14'00010000000001
  transition:     4'0110 24'01--------------1------1 ->     4'0001 14'00010000000001
  transition:     4'0110 24'01-------------1-------1 ->     4'0001 14'00010000000001
  transition:     4'0110 24'01------------1--------1 ->     4'0001 14'00010000000001
  transition:     4'0110 24'1----------------------- ->     4'0000 14'00010000000000
  transition:     4'0001 24'0----------------------0 ->     4'0000 14'00000000100000
  transition:     4'0001 24'0000-------------------1 ->     4'0000 14'00000000100000
  transition:     4'0001 24'0-1-000000000----------1 ->     4'0000 14'00000000100000
  transition:     4'0001 24'0-1-1------------------1 ->     4'0001 14'00000000100001
  transition:     4'0001 24'0-1--1-----------------1 ->     4'0010 14'00000000100010
  transition:     4'0001 24'0-1---1----------------1 ->     4'0011 14'00000000100011
  transition:     4'0001 24'0-1----1---------------1 ->     4'1000 14'00000000101000
  transition:     4'0001 24'0-1-----1--------------1 ->     4'0100 14'00000000100100
  transition:     4'0001 24'0-1------1-------------1 ->     4'1001 14'00000000101001
  transition:     4'0001 24'0-1-------1------------1 ->     4'0101 14'00000000100101
  transition:     4'0001 24'0-1--------1-----------1 ->     4'0110 14'00000000100110
  transition:     4'0001 24'0-1---------1----------1 ->     4'0111 14'00000000100111
  transition:     4'0001 24'0--1---------00000000--1 -> INVALID_STATE(4'x) 14'0000000010xxxx  <ignored invalid transition!>
  transition:     4'0001 24'0--1----------------1--1 ->     4'0000 14'00000000100000
  transition:     4'0001 24'0--1----------1--------1 ->     4'0010 14'00000000100010
  transition:     4'0001 24'0--1-----------1-------1 ->     4'0011 14'00000000100011
  transition:     4'0001 24'0--1--------------1----1 ->     4'1000 14'00000000101000
  transition:     4'0001 24'0--1-------------1-----1 ->     4'0100 14'00000000100100
  transition:     4'0001 24'0--1---------1---------1 ->     4'1001 14'00000000101001
  transition:     4'0001 24'0--1---------------1--01 ->     4'0000 14'00000000100000
  transition:     4'0001 24'0--1---------------1--11 ->     4'0101 14'00000000100101
  transition:     4'0001 24'0--1------------1----001 ->     4'0000 14'00000000100000
  transition:     4'0001 24'0--1------------1----011 ->     4'0110 14'00000000100110
  transition:     4'0001 24'0--1------------1----1-1 ->     4'0111 14'00000000100111
  transition:     4'0001 24'01------------0000-00--1 ->     4'0000 14'00000000100000
  transition:     4'0001 24'01------------------1--1 ->     4'0001 14'00000000100001
  transition:     4'0001 24'01-----------------1---1 ->     4'0001 14'00000000100001
  transition:     4'0001 24'01---------------1-----1 ->     4'0001 14'00000000100001
  transition:     4'0001 24'01--------------1------1 ->     4'0001 14'00000000100001
  transition:     4'0001 24'01-------------1-------1 ->     4'0001 14'00000000100001
  transition:     4'0001 24'01------------1--------1 ->     4'0001 14'00000000100001
  transition:     4'0001 24'1----------------------- ->     4'0000 14'00000000100000
  transition:     4'1001 24'0----------------------0 ->     4'0000 14'10000000000000
  transition:     4'1001 24'0000-------------------1 ->     4'0000 14'10000000000000
  transition:     4'1001 24'0-1-000000000----------1 ->     4'0000 14'10000000000000
  transition:     4'1001 24'0-1-1------------------1 ->     4'0001 14'10000000000001
  transition:     4'1001 24'0-1--1-----------------1 ->     4'0010 14'10000000000010
  transition:     4'1001 24'0-1---1----------------1 ->     4'0011 14'10000000000011
  transition:     4'1001 24'0-1----1---------------1 ->     4'1000 14'10000000001000
  transition:     4'1001 24'0-1-----1--------------1 ->     4'0100 14'10000000000100
  transition:     4'1001 24'0-1------1-------------1 ->     4'1001 14'10000000001001
  transition:     4'1001 24'0-1-------1------------1 ->     4'0101 14'10000000000101
  transition:     4'1001 24'0-1--------1-----------1 ->     4'0110 14'10000000000110
  transition:     4'1001 24'0-1---------1----------1 ->     4'0111 14'10000000000111
  transition:     4'1001 24'0--1---------00000000--1 -> INVALID_STATE(4'x) 14'1000000000xxxx  <ignored invalid transition!>
  transition:     4'1001 24'0--1----------------1--1 ->     4'0000 14'10000000000000
  transition:     4'1001 24'0--1----------1--------1 ->     4'0010 14'10000000000010
  transition:     4'1001 24'0--1-----------1-------1 ->     4'0011 14'10000000000011
  transition:     4'1001 24'0--1--------------1----1 ->     4'1000 14'10000000001000
  transition:     4'1001 24'0--1-------------1-----1 ->     4'0100 14'10000000000100
  transition:     4'1001 24'0--1---------1---------1 ->     4'1001 14'10000000001001
  transition:     4'1001 24'0--1---------------1--01 ->     4'0000 14'10000000000000
  transition:     4'1001 24'0--1---------------1--11 ->     4'0101 14'10000000000101
  transition:     4'1001 24'0--1------------1----001 ->     4'0000 14'10000000000000
  transition:     4'1001 24'0--1------------1----011 ->     4'0110 14'10000000000110
  transition:     4'1001 24'0--1------------1----1-1 ->     4'0111 14'10000000000111
  transition:     4'1001 24'01------------0000-00--1 ->     4'0000 14'10000000000000
  transition:     4'1001 24'01------------------1--1 ->     4'0001 14'10000000000001
  transition:     4'1001 24'01-----------------1---1 ->     4'0001 14'10000000000001
  transition:     4'1001 24'01---------------1-----1 ->     4'0001 14'10000000000001
  transition:     4'1001 24'01--------------1------1 ->     4'0001 14'10000000000001
  transition:     4'1001 24'01-------------1-------1 ->     4'0001 14'10000000000001
  transition:     4'1001 24'01------------1--------1 ->     4'0001 14'10000000000001
  transition:     4'1001 24'1----------------------- ->     4'0000 14'10000000000000
  transition:     4'0101 24'0----------------------0 ->     4'0000 14'00001000000000
  transition:     4'0101 24'0000-------------------1 ->     4'0000 14'00001000000000
  transition:     4'0101 24'0-1-000000000----------1 ->     4'0000 14'00001000000000
  transition:     4'0101 24'0-1-1------------------1 ->     4'0001 14'00001000000001
  transition:     4'0101 24'0-1--1-----------------1 ->     4'0010 14'00001000000010
  transition:     4'0101 24'0-1---1----------------1 ->     4'0011 14'00001000000011
  transition:     4'0101 24'0-1----1---------------1 ->     4'1000 14'00001000001000
  transition:     4'0101 24'0-1-----1--------------1 ->     4'0100 14'00001000000100
  transition:     4'0101 24'0-1------1-------------1 ->     4'1001 14'00001000001001
  transition:     4'0101 24'0-1-------1------------1 ->     4'0101 14'00001000000101
  transition:     4'0101 24'0-1--------1-----------1 ->     4'0110 14'00001000000110
  transition:     4'0101 24'0-1---------1----------1 ->     4'0111 14'00001000000111
  transition:     4'0101 24'0--1---------00000000--1 -> INVALID_STATE(4'x) 14'0000100000xxxx  <ignored invalid transition!>
  transition:     4'0101 24'0--1----------------1--1 ->     4'0000 14'00001000000000
  transition:     4'0101 24'0--1----------1--------1 ->     4'0010 14'00001000000010
  transition:     4'0101 24'0--1-----------1-------1 ->     4'0011 14'00001000000011
  transition:     4'0101 24'0--1--------------1----1 ->     4'1000 14'00001000001000
  transition:     4'0101 24'0--1-------------1-----1 ->     4'0100 14'00001000000100
  transition:     4'0101 24'0--1---------1---------1 ->     4'1001 14'00001000001001
  transition:     4'0101 24'0--1---------------1--01 ->     4'0000 14'00001000000000
  transition:     4'0101 24'0--1---------------1--11 ->     4'0101 14'00001000000101
  transition:     4'0101 24'0--1------------1----001 ->     4'0000 14'00001000000000
  transition:     4'0101 24'0--1------------1----011 ->     4'0110 14'00001000000110
  transition:     4'0101 24'0--1------------1----1-1 ->     4'0111 14'00001000000111
  transition:     4'0101 24'01------------0000-00--1 ->     4'0000 14'00001000000000
  transition:     4'0101 24'01------------------1--1 ->     4'0001 14'00001000000001
  transition:     4'0101 24'01-----------------1---1 ->     4'0001 14'00001000000001
  transition:     4'0101 24'01---------------1-----1 ->     4'0001 14'00001000000001
  transition:     4'0101 24'01--------------1------1 ->     4'0001 14'00001000000001
  transition:     4'0101 24'01-------------1-------1 ->     4'0001 14'00001000000001
  transition:     4'0101 24'01------------1--------1 ->     4'0001 14'00001000000001
  transition:     4'0101 24'1----------------------- ->     4'0000 14'00001000000000
  transition:     4'0011 24'0----------------------0 ->     4'0000 14'00000010000000
  transition:     4'0011 24'0000-------------------1 ->     4'0000 14'00000010000000
  transition:     4'0011 24'0-1-000000000----------1 ->     4'0000 14'00000010000000
  transition:     4'0011 24'0-1-1------------------1 ->     4'0001 14'00000010000001
  transition:     4'0011 24'0-1--1-----------------1 ->     4'0010 14'00000010000010
  transition:     4'0011 24'0-1---1----------------1 ->     4'0011 14'00000010000011
  transition:     4'0011 24'0-1----1---------------1 ->     4'1000 14'00000010001000
  transition:     4'0011 24'0-1-----1--------------1 ->     4'0100 14'00000010000100
  transition:     4'0011 24'0-1------1-------------1 ->     4'1001 14'00000010001001
  transition:     4'0011 24'0-1-------1------------1 ->     4'0101 14'00000010000101
  transition:     4'0011 24'0-1--------1-----------1 ->     4'0110 14'00000010000110
  transition:     4'0011 24'0-1---------1----------1 ->     4'0111 14'00000010000111
  transition:     4'0011 24'0--1---------00000000--1 -> INVALID_STATE(4'x) 14'0000001000xxxx  <ignored invalid transition!>
  transition:     4'0011 24'0--1----------------1--1 ->     4'0000 14'00000010000000
  transition:     4'0011 24'0--1----------1--------1 ->     4'0010 14'00000010000010
  transition:     4'0011 24'0--1-----------1-------1 ->     4'0011 14'00000010000011
  transition:     4'0011 24'0--1--------------1----1 ->     4'1000 14'00000010001000
  transition:     4'0011 24'0--1-------------1-----1 ->     4'0100 14'00000010000100
  transition:     4'0011 24'0--1---------1---------1 ->     4'1001 14'00000010001001
  transition:     4'0011 24'0--1---------------1--01 ->     4'0000 14'00000010000000
  transition:     4'0011 24'0--1---------------1--11 ->     4'0101 14'00000010000101
  transition:     4'0011 24'0--1------------1----001 ->     4'0000 14'00000010000000
  transition:     4'0011 24'0--1------------1----011 ->     4'0110 14'00000010000110
  transition:     4'0011 24'0--1------------1----1-1 ->     4'0111 14'00000010000111
  transition:     4'0011 24'01------------0000-00--1 ->     4'0000 14'00000010000000
  transition:     4'0011 24'01------------------1--1 ->     4'0001 14'00000010000001
  transition:     4'0011 24'01-----------------1---1 ->     4'0001 14'00000010000001
  transition:     4'0011 24'01---------------1-----1 ->     4'0001 14'00000010000001
  transition:     4'0011 24'01--------------1------1 ->     4'0001 14'00000010000001
  transition:     4'0011 24'01-------------1-------1 ->     4'0001 14'00000010000001
  transition:     4'0011 24'01------------1--------1 ->     4'0001 14'00000010000001
  transition:     4'0011 24'1----------------------- ->     4'0000 14'00000010000000
  transition:     4'0111 24'0----------------------0 ->     4'0000 14'00100000000000
  transition:     4'0111 24'0000-------------------1 ->     4'0000 14'00100000000000
  transition:     4'0111 24'0-1-000000000----------1 ->     4'0000 14'00100000000000
  transition:     4'0111 24'0-1-1------------------1 ->     4'0001 14'00100000000001
  transition:     4'0111 24'0-1--1-----------------1 ->     4'0010 14'00100000000010
  transition:     4'0111 24'0-1---1----------------1 ->     4'0011 14'00100000000011
  transition:     4'0111 24'0-1----1---------------1 ->     4'1000 14'00100000001000
  transition:     4'0111 24'0-1-----1--------------1 ->     4'0100 14'00100000000100
  transition:     4'0111 24'0-1------1-------------1 ->     4'1001 14'00100000001001
  transition:     4'0111 24'0-1-------1------------1 ->     4'0101 14'00100000000101
  transition:     4'0111 24'0-1--------1-----------1 ->     4'0110 14'00100000000110
  transition:     4'0111 24'0-1---------1----------1 ->     4'0111 14'00100000000111
  transition:     4'0111 24'0--1---------00000000--1 -> INVALID_STATE(4'x) 14'0010000000xxxx  <ignored invalid transition!>
  transition:     4'0111 24'0--1----------------1--1 ->     4'0000 14'00100000000000
  transition:     4'0111 24'0--1----------1--------1 ->     4'0010 14'00100000000010
  transition:     4'0111 24'0--1-----------1-------1 ->     4'0011 14'00100000000011
  transition:     4'0111 24'0--1--------------1----1 ->     4'1000 14'00100000001000
  transition:     4'0111 24'0--1-------------1-----1 ->     4'0100 14'00100000000100
  transition:     4'0111 24'0--1---------1---------1 ->     4'1001 14'00100000001001
  transition:     4'0111 24'0--1---------------1--01 ->     4'0000 14'00100000000000
  transition:     4'0111 24'0--1---------------1--11 ->     4'0101 14'00100000000101
  transition:     4'0111 24'0--1------------1----001 ->     4'0000 14'00100000000000
  transition:     4'0111 24'0--1------------1----011 ->     4'0110 14'00100000000110
  transition:     4'0111 24'0--1------------1----1-1 ->     4'0111 14'00100000000111
  transition:     4'0111 24'01------------0000-00--1 ->     4'0000 14'00100000000000
  transition:     4'0111 24'01------------------1--1 ->     4'0001 14'00100000000001
  transition:     4'0111 24'01-----------------1---1 ->     4'0001 14'00100000000001
  transition:     4'0111 24'01---------------1-----1 ->     4'0001 14'00100000000001
  transition:     4'0111 24'01--------------1------1 ->     4'0001 14'00100000000001
  transition:     4'0111 24'01-------------1-------1 ->     4'0001 14'00100000000001
  transition:     4'0111 24'01------------1--------1 ->     4'0001 14'00100000000001
  transition:     4'0111 24'1----------------------- ->     4'0000 14'00100000000000
Extracting FSM `\u_id_ex.out_branch_type' from module `\rv32i_pipeline_core'.
  found $dff cell for state register: $flatten\u_id_ex.$procdff$1815
  root of input selection tree: $flatten\u_id_ex.$0\out_branch_type[2:0]
  found reset state: 3'000 (guessed from mux tree)
  found ctrl input: $flatten\u_id_ex.$logic_or$rtl/pipeline_id_ex.sv:53$34_Y
  found ctrl input: \u_frontend.if_id_valid_q
  found state code: 3'000
  found ctrl input: $flatten\u_id.$procmux$1693_CMP
  found ctrl input: $flatten\u_id.\u_decoder.$eq$rtl/decoder.sv:269$141_Y
  found ctrl input: $flatten\u_id.\u_decoder.$eq$rtl/decoder.sv:263$140_Y
  found ctrl input: $flatten\u_id.\u_decoder.$eq$rtl/decoder.sv:208$132_Y
  found ctrl input: $flatten\u_id.\u_decoder.$eq$rtl/decoder.sv:201$131_Y
  found ctrl input: $flatten\u_id.\u_decoder.$eq$rtl/decoder.sv:187$129_Y
  found ctrl input: $flatten\u_id.\u_decoder.$eq$rtl/decoder.sv:180$128_Y
  found state code: 3'001
  found state code: 3'010
  found state code: 3'011
  found state code: 3'100
  found state code: 3'101
  found state code: 3'110
  found ctrl output: $flatten\u_ex.$procmux$1522_CMP
  found ctrl output: $flatten\u_ex.$procmux$1521_CMP
  found ctrl output: $flatten\u_ex.$procmux$1520_CMP
  found ctrl output: $flatten\u_ex.$procmux$1519_CMP
  found ctrl output: $flatten\u_ex.$procmux$1518_CMP
  found ctrl output: $flatten\u_ex.$procmux$1517_CMP
  ctrl inputs: { $flatten\u_id_ex.$logic_or$rtl/pipeline_id_ex.sv:53$34_Y $flatten\u_id.$procmux$1693_CMP $flatten\u_id.\u_decoder.$eq$rtl/decoder.sv:269$141_Y $flatten\u_id.\u_decoder.$eq$rtl/decoder.sv:263$140_Y $flatten\u_id.\u_decoder.$eq$rtl/decoder.sv:208$132_Y $flatten\u_id.\u_decoder.$eq$rtl/decoder.sv:201$131_Y $flatten\u_id.\u_decoder.$eq$rtl/decoder.sv:187$129_Y $flatten\u_id.\u_decoder.$eq$rtl/decoder.sv:180$128_Y \u_frontend.if_id_valid_q }
  ctrl outputs: { $flatten\u_ex.$procmux$1517_CMP $flatten\u_ex.$procmux$1518_CMP $flatten\u_ex.$procmux$1519_CMP $flatten\u_ex.$procmux$1520_CMP $flatten\u_ex.$procmux$1521_CMP $flatten\u_ex.$procmux$1522_CMP $flatten\u_id_ex.$0\out_branch_type[2:0] }
  transition:      3'000 9'0-------0 ->      3'000 9'000000000
  transition:      3'000 9'00------1 ->      3'000 9'000000000
  transition:      3'000 9'010000001 ->      3'000 9'000000000
  transition:      3'000 9'01-----11 ->      3'001 9'000000001
  transition:      3'000 9'01----1-1 ->      3'010 9'000000010
  transition:      3'000 9'01---1--1 ->      3'011 9'000000011
  transition:      3'000 9'01--1---1 ->      3'100 9'000000100
  transition:      3'000 9'01-1----1 ->      3'101 9'000000101
  transition:      3'000 9'011-----1 ->      3'110 9'000000110
  transition:      3'000 9'1-------- ->      3'000 9'000000000
  transition:      3'100 9'0-------0 ->      3'000 9'001000000
  transition:      3'100 9'00------1 ->      3'000 9'001000000
  transition:      3'100 9'010000001 ->      3'000 9'001000000
  transition:      3'100 9'01-----11 ->      3'001 9'001000001
  transition:      3'100 9'01----1-1 ->      3'010 9'001000010
  transition:      3'100 9'01---1--1 ->      3'011 9'001000011
  transition:      3'100 9'01--1---1 ->      3'100 9'001000100
  transition:      3'100 9'01-1----1 ->      3'101 9'001000101
  transition:      3'100 9'011-----1 ->      3'110 9'001000110
  transition:      3'100 9'1-------- ->      3'000 9'001000000
  transition:      3'010 9'0-------0 ->      3'000 9'000010000
  transition:      3'010 9'00------1 ->      3'000 9'000010000
  transition:      3'010 9'010000001 ->      3'000 9'000010000
  transition:      3'010 9'01-----11 ->      3'001 9'000010001
  transition:      3'010 9'01----1-1 ->      3'010 9'000010010
  transition:      3'010 9'01---1--1 ->      3'011 9'000010011
  transition:      3'010 9'01--1---1 ->      3'100 9'000010100
  transition:      3'010 9'01-1----1 ->      3'101 9'000010101
  transition:      3'010 9'011-----1 ->      3'110 9'000010110
  transition:      3'010 9'1-------- ->      3'000 9'000010000
  transition:      3'110 9'0-------0 ->      3'000 9'100000000
  transition:      3'110 9'00------1 ->      3'000 9'100000000
  transition:      3'110 9'010000001 ->      3'000 9'100000000
  transition:      3'110 9'01-----11 ->      3'001 9'100000001
  transition:      3'110 9'01----1-1 ->      3'010 9'100000010
  transition:      3'110 9'01---1--1 ->      3'011 9'100000011
  transition:      3'110 9'01--1---1 ->      3'100 9'100000100
  transition:      3'110 9'01-1----1 ->      3'101 9'100000101
  transition:      3'110 9'011-----1 ->      3'110 9'100000110
  transition:      3'110 9'1-------- ->      3'000 9'100000000
  transition:      3'001 9'0-------0 ->      3'000 9'000001000
  transition:      3'001 9'00------1 ->      3'000 9'000001000
  transition:      3'001 9'010000001 ->      3'000 9'000001000
  transition:      3'001 9'01-----11 ->      3'001 9'000001001
  transition:      3'001 9'01----1-1 ->      3'010 9'000001010
  transition:      3'001 9'01---1--1 ->      3'011 9'000001011
  transition:      3'001 9'01--1---1 ->      3'100 9'000001100
  transition:      3'001 9'01-1----1 ->      3'101 9'000001101
  transition:      3'001 9'011-----1 ->      3'110 9'000001110
  transition:      3'001 9'1-------- ->      3'000 9'000001000
  transition:      3'101 9'0-------0 ->      3'000 9'010000000
  transition:      3'101 9'00------1 ->      3'000 9'010000000
  transition:      3'101 9'010000001 ->      3'000 9'010000000
  transition:      3'101 9'01-----11 ->      3'001 9'010000001
  transition:      3'101 9'01----1-1 ->      3'010 9'010000010
  transition:      3'101 9'01---1--1 ->      3'011 9'010000011
  transition:      3'101 9'01--1---1 ->      3'100 9'010000100
  transition:      3'101 9'01-1----1 ->      3'101 9'010000101
  transition:      3'101 9'011-----1 ->      3'110 9'010000110
  transition:      3'101 9'1-------- ->      3'000 9'010000000
  transition:      3'011 9'0-------0 ->      3'000 9'000100000
  transition:      3'011 9'00------1 ->      3'000 9'000100000
  transition:      3'011 9'010000001 ->      3'000 9'000100000
  transition:      3'011 9'01-----11 ->      3'001 9'000100001
  transition:      3'011 9'01----1-1 ->      3'010 9'000100010
  transition:      3'011 9'01---1--1 ->      3'011 9'000100011
  transition:      3'011 9'01--1---1 ->      3'100 9'000100100
  transition:      3'011 9'01-1----1 ->      3'101 9'000100101
  transition:      3'011 9'011-----1 ->      3'110 9'000100110
  transition:      3'011 9'1-------- ->      3'000 9'000100000
Extracting FSM `\u_id_ex.out_jump_type' from module `\rv32i_pipeline_core'.
  found $dff cell for state register: $flatten\u_id_ex.$procdff$1816
  root of input selection tree: $flatten\u_id_ex.$0\out_jump_type[1:0]
  found reset state: 2'00 (guessed from mux tree)
  found ctrl input: $flatten\u_id_ex.$logic_or$rtl/pipeline_id_ex.sv:53$34_Y
  found ctrl input: \u_frontend.if_id_valid_q
  found state code: 2'00
  found ctrl input: $flatten\u_id.$procmux$1698_CMP
  found ctrl input: $flatten\u_id.\u_decoder.$procmux$1233_CMP
  found ctrl input: $flatten\u_id.\u_decoder.$eq$rtl/decoder.sv:180$128_Y
  found state code: 2'10
  found state code: 2'01
  found ctrl output: $flatten\u_ex.$eq$rtl/pipeline_ex.sv:146$70_Y
  found ctrl output: $flatten\u_ex.$eq$rtl/pipeline_ex.sv:142$68_Y
  ctrl inputs: { $flatten\u_id_ex.$logic_or$rtl/pipeline_id_ex.sv:53$34_Y $flatten\u_id.$procmux$1698_CMP $flatten\u_id.\u_decoder.$procmux$1233_CMP $flatten\u_id.\u_decoder.$eq$rtl/decoder.sv:180$128_Y \u_frontend.if_id_valid_q }
  ctrl outputs: { $flatten\u_ex.$eq$rtl/pipeline_ex.sv:142$68_Y $flatten\u_ex.$eq$rtl/pipeline_ex.sv:146$70_Y $flatten\u_id_ex.$0\out_jump_type[1:0] }
  transition:       2'00 5'0---0 ->       2'00 4'0000
  transition:       2'00 5'000-1 ->       2'00 4'0000
  transition:       2'00 5'0-1-1 ->       2'01 4'0001
  transition:       2'00 5'01-01 ->       2'00 4'0000
  transition:       2'00 5'01-11 ->       2'10 4'0010
  transition:       2'00 5'1---- ->       2'00 4'0000
  transition:       2'10 5'0---0 ->       2'00 4'0100
  transition:       2'10 5'000-1 ->       2'00 4'0100
  transition:       2'10 5'0-1-1 ->       2'01 4'0101
  transition:       2'10 5'01-01 ->       2'00 4'0100
  transition:       2'10 5'01-11 ->       2'10 4'0110
  transition:       2'10 5'1---- ->       2'00 4'0100
  transition:       2'01 5'0---0 ->       2'00 4'1000
  transition:       2'01 5'000-1 ->       2'00 4'1000
  transition:       2'01 5'0-1-1 ->       2'01 4'1001
  transition:       2'01 5'01-01 ->       2'00 4'1000
  transition:       2'01 5'01-11 ->       2'10 4'1010
  transition:       2'01 5'1---- ->       2'00 4'1000

16.8.3. Executing FSM_OPT pass (simple optimizations of FSMs).
Optimizing FSM `$fsm$\u_id_ex.out_jump_type$1866' from module `\rv32i_pipeline_core'.
Optimizing FSM `$fsm$\u_id_ex.out_branch_type$1858' from module `\rv32i_pipeline_core'.
Optimizing FSM `$fsm$\u_id_ex.out_alu_op$1846' from module `\rv32i_pipeline_core'.

16.8.4. Executing OPT_CLEAN pass (remove unused cells and wires).
Finding unused cells or wires in module \rv32i_pipeline_core..
Removed 47 unused cells and 47 unused wires.
<suppressed ~54 debug messages>

16.8.5. Executing FSM_OPT pass (simple optimizations of FSMs).
Optimizing FSM `$fsm$\u_id_ex.out_alu_op$1846' from module `\rv32i_pipeline_core'.
  Removing unused output signal $flatten\u_id_ex.$0\out_alu_op[3:0] [0].
  Removing unused output signal $flatten\u_id_ex.$0\out_alu_op[3:0] [1].
  Removing unused output signal $flatten\u_id_ex.$0\out_alu_op[3:0] [2].
  Removing unused output signal $flatten\u_id_ex.$0\out_alu_op[3:0] [3].
Optimizing FSM `$fsm$\u_id_ex.out_branch_type$1858' from module `\rv32i_pipeline_core'.
  Removing unused output signal $flatten\u_id_ex.$0\out_branch_type[2:0] [0].
  Removing unused output signal $flatten\u_id_ex.$0\out_branch_type[2:0] [1].
  Removing unused output signal $flatten\u_id_ex.$0\out_branch_type[2:0] [2].
Optimizing FSM `$fsm$\u_id_ex.out_jump_type$1866' from module `\rv32i_pipeline_core'.
  Removing unused output signal $flatten\u_id_ex.$0\out_jump_type[1:0] [0].
  Removing unused output signal $flatten\u_id_ex.$0\out_jump_type[1:0] [1].

16.8.6. Executing FSM_RECODE pass (re-assigning FSM state encoding).
Recoding FSM `$fsm$\u_id_ex.out_alu_op$1846' from module `\rv32i_pipeline_core' using `auto' encoding:
  mapping auto encoding to `one-hot` for this FSM.
  0000 -> ---------1
  1000 -> --------1-
  0100 -> -------1--
  0010 -> ------1---
  0110 -> -----1----
  0001 -> ----1-----
  1001 -> ---1------
  0101 -> --1-------
  0011 -> -1--------
  0111 -> 1---------
Recoding FSM `$fsm$\u_id_ex.out_branch_type$1858' from module `\rv32i_pipeline_core' using `auto' encoding:
  mapping auto encoding to `one-hot` for this FSM.
  000 -> ------1
  100 -> -----1-
  010 -> ----1--
  110 -> ---1---
  001 -> --1----
  101 -> -1-----
  011 -> 1------
Recoding FSM `$fsm$\u_id_ex.out_jump_type$1866' from module `\rv32i_pipeline_core' using `auto' encoding:
  mapping auto encoding to `one-hot` for this FSM.
  00 -> --1
  10 -> -1-
  01 -> 1--

16.8.7. Executing FSM_INFO pass (dumping all available information on FSM cells).

FSM `$fsm$\u_id_ex.out_alu_op$1846' from module `rv32i_pipeline_core':
-------------------------------------

  Information on FSM $fsm$\u_id_ex.out_alu_op$1846 (\u_id_ex.out_alu_op):

  Number of input signals:   24
  Number of output signals:  10
  Number of state bits:      10

  Input signals:
    0: \u_frontend.if_id_valid_q
    1: $flatten\u_id.\u_decoder.$eq$rtl/decoder.sv:153$125_Y
    2: $flatten\u_id.\u_decoder.$eq$rtl/decoder.sv:161$126_Y
    3: $flatten\u_id.\u_decoder.$eq$rtl/decoder.sv:180$128_Y
    4: $flatten\u_id.\u_decoder.$eq$rtl/decoder.sv:187$129_Y
    5: $flatten\u_id.\u_decoder.$eq$rtl/decoder.sv:194$130_Y
    6: $flatten\u_id.\u_decoder.$eq$rtl/decoder.sv:201$131_Y
    7: $flatten\u_id.\u_decoder.$eq$rtl/decoder.sv:208$132_Y
    8: $flatten\u_id.\u_decoder.$eq$rtl/decoder.sv:263$140_Y
    9: $flatten\u_id.\u_decoder.$eq$rtl/decoder.sv:269$141_Y
   10: $flatten\u_id.\u_decoder.$procmux$1112_CMP
   11: $flatten\u_id.\u_decoder.$procmux$1188_CMP
   12: $flatten\u_id.\u_decoder.$procmux$1189_CMP
   13: $flatten\u_id.\u_decoder.$procmux$1190_CMP
   14: $flatten\u_id.\u_decoder.$procmux$1191_CMP
   15: $flatten\u_id.\u_decoder.$procmux$1192_CMP
   16: $flatten\u_id.\u_decoder.$procmux$1193_CMP
   17: $flatten\u_id.\u_decoder.$procmux$1194_CMP
   18: $flatten\u_id.\u_decoder.$procmux$1195_CMP
   19: $flatten\u_id.\u_decoder.$procmux$1196_CMP
   20: $flatten\u_id.$procmux$1702_CMP
   21: $flatten\u_id.$procmux$1695_CMP
   22: $flatten\u_id.$procmux$1693_CMP
   23: $flatten\u_id_ex.$logic_or$rtl/pipeline_id_ex.sv:53$34_Y

  Output signals:
    0: $flatten\u_ex.\u_alu.$procmux$182_CMP
    1: $flatten\u_ex.\u_alu.$procmux$181_CMP
    2: $flatten\u_ex.\u_alu.$procmux$180_CMP
    3: $flatten\u_ex.\u_alu.$procmux$179_CMP
    4: $flatten\u_ex.\u_alu.$procmux$178_CMP
    5: $flatten\u_ex.\u_alu.$procmux$177_CMP
    6: $flatten\u_ex.\u_alu.$procmux$176_CMP
    7: $flatten\u_ex.\u_alu.$procmux$175_CMP
    8: $flatten\u_ex.\u_alu.$procmux$174_CMP
    9: $flatten\u_ex.\u_alu.$procmux$173_CMP

  State encoding:
    0: 10'---------1  <RESET STATE>
    1: 10'--------1-
    2: 10'-------1--
    3: 10'------1---
    4: 10'-----1----
    5: 10'----1-----
    6: 10'---1------
    7: 10'--1-------
    8: 10'-1--------
    9: 10'1---------

  Transition Table (state_in, ctrl_in, state_out, ctrl_out):
      0:     0 24'0----------------------0   ->     0 10'0000000001
      1:     0 24'0--1------------1----001   ->     0 10'0000000001
      2:     0 24'0--1---------------1--01   ->     0 10'0000000001
      3:     0 24'01------------0000-00--1   ->     0 10'0000000001
      4:     0 24'0--1----------------1--1   ->     0 10'0000000001
      5:     0 24'0-1-000000000----------1   ->     0 10'0000000001
      6:     0 24'0000-------------------1   ->     0 10'0000000001
      7:     0 24'1-----------------------   ->     0 10'0000000001
      8:     0 24'0--1--------------1----1   ->     1 10'0000000001
      9:     0 24'0-1----1---------------1   ->     1 10'0000000001
     10:     0 24'0--1-------------1-----1   ->     2 10'0000000001
     11:     0 24'0-1-----1--------------1   ->     2 10'0000000001
     12:     0 24'0--1----------1--------1   ->     3 10'0000000001
     13:     0 24'0-1--1-----------------1   ->     3 10'0000000001
     14:     0 24'0--1------------1----011   ->     4 10'0000000001
     15:     0 24'0-1--------1-----------1   ->     4 10'0000000001
     16:     0 24'01------------------1--1   ->     5 10'0000000001
     17:     0 24'01-----------------1---1   ->     5 10'0000000001
     18:     0 24'01---------------1-----1   ->     5 10'0000000001
     19:     0 24'01--------------1------1   ->     5 10'0000000001
     20:     0 24'01-------------1-------1   ->     5 10'0000000001
     21:     0 24'01------------1--------1   ->     5 10'0000000001
     22:     0 24'0-1-1------------------1   ->     5 10'0000000001
     23:     0 24'0--1---------1---------1   ->     6 10'0000000001
     24:     0 24'0-1------1-------------1   ->     6 10'0000000001
     25:     0 24'0--1---------------1--11   ->     7 10'0000000001
     26:     0 24'0-1-------1------------1   ->     7 10'0000000001
     27:     0 24'0--1-----------1-------1   ->     8 10'0000000001
     28:     0 24'0-1---1----------------1   ->     8 10'0000000001
     29:     0 24'0--1------------1----1-1   ->     9 10'0000000001
     30:     0 24'0-1---------1----------1   ->     9 10'0000000001
     31:     1 24'0----------------------0   ->     0 10'0100000000
     32:     1 24'0--1------------1----001   ->     0 10'0100000000
     33:     1 24'0--1---------------1--01   ->     0 10'0100000000
     34:     1 24'01------------0000-00--1   ->     0 10'0100000000
     35:     1 24'0--1----------------1--1   ->     0 10'0100000000
     36:     1 24'0-1-000000000----------1   ->     0 10'0100000000
     37:     1 24'0000-------------------1   ->     0 10'0100000000
     38:     1 24'1-----------------------   ->     0 10'0100000000
     39:     1 24'0--1--------------1----1   ->     1 10'0100000000
     40:     1 24'0-1----1---------------1   ->     1 10'0100000000
     41:     1 24'0--1-------------1-----1   ->     2 10'0100000000
     42:     1 24'0-1-----1--------------1   ->     2 10'0100000000
     43:     1 24'0--1----------1--------1   ->     3 10'0100000000
     44:     1 24'0-1--1-----------------1   ->     3 10'0100000000
     45:     1 24'0--1------------1----011   ->     4 10'0100000000
     46:     1 24'0-1--------1-----------1   ->     4 10'0100000000
     47:     1 24'01------------------1--1   ->     5 10'0100000000
     48:     1 24'01-----------------1---1   ->     5 10'0100000000
     49:     1 24'01---------------1-----1   ->     5 10'0100000000
     50:     1 24'01--------------1------1   ->     5 10'0100000000
     51:     1 24'01-------------1-------1   ->     5 10'0100000000
     52:     1 24'01------------1--------1   ->     5 10'0100000000
     53:     1 24'0-1-1------------------1   ->     5 10'0100000000
     54:     1 24'0--1---------1---------1   ->     6 10'0100000000
     55:     1 24'0-1------1-------------1   ->     6 10'0100000000
     56:     1 24'0--1---------------1--11   ->     7 10'0100000000
     57:     1 24'0-1-------1------------1   ->     7 10'0100000000
     58:     1 24'0--1-----------1-------1   ->     8 10'0100000000
     59:     1 24'0-1---1----------------1   ->     8 10'0100000000
     60:     1 24'0--1------------1----1-1   ->     9 10'0100000000
     61:     1 24'0-1---------1----------1   ->     9 10'0100000000
     62:     2 24'0----------------------0   ->     0 10'0000010000
     63:     2 24'0--1------------1----001   ->     0 10'0000010000
     64:     2 24'0--1---------------1--01   ->     0 10'0000010000
     65:     2 24'01------------0000-00--1   ->     0 10'0000010000
     66:     2 24'0--1----------------1--1   ->     0 10'0000010000
     67:     2 24'0-1-000000000----------1   ->     0 10'0000010000
     68:     2 24'0000-------------------1   ->     0 10'0000010000
     69:     2 24'1-----------------------   ->     0 10'0000010000
     70:     2 24'0--1--------------1----1   ->     1 10'0000010000
     71:     2 24'0-1----1---------------1   ->     1 10'0000010000
     72:     2 24'0--1-------------1-----1   ->     2 10'0000010000
     73:     2 24'0-1-----1--------------1   ->     2 10'0000010000
     74:     2 24'0--1----------1--------1   ->     3 10'0000010000
     75:     2 24'0-1--1-----------------1   ->     3 10'0000010000
     76:     2 24'0--1------------1----011   ->     4 10'0000010000
     77:     2 24'0-1--------1-----------1   ->     4 10'0000010000
     78:     2 24'01------------------1--1   ->     5 10'0000010000
     79:     2 24'01-----------------1---1   ->     5 10'0000010000
     80:     2 24'01---------------1-----1   ->     5 10'0000010000
     81:     2 24'01--------------1------1   ->     5 10'0000010000
     82:     2 24'01-------------1-------1   ->     5 10'0000010000
     83:     2 24'01------------1--------1   ->     5 10'0000010000
     84:     2 24'0-1-1------------------1   ->     5 10'0000010000
     85:     2 24'0--1---------1---------1   ->     6 10'0000010000
     86:     2 24'0-1------1-------------1   ->     6 10'0000010000
     87:     2 24'0--1---------------1--11   ->     7 10'0000010000
     88:     2 24'0-1-------1------------1   ->     7 10'0000010000
     89:     2 24'0--1-----------1-------1   ->     8 10'0000010000
     90:     2 24'0-1---1----------------1   ->     8 10'0000010000
     91:     2 24'0--1------------1----1-1   ->     9 10'0000010000
     92:     2 24'0-1---------1----------1   ->     9 10'0000010000
     93:     3 24'0----------------------0   ->     0 10'0000000100
     94:     3 24'0--1------------1----001   ->     0 10'0000000100
     95:     3 24'0--1---------------1--01   ->     0 10'0000000100
     96:     3 24'01------------0000-00--1   ->     0 10'0000000100
     97:     3 24'0--1----------------1--1   ->     0 10'0000000100
     98:     3 24'0-1-000000000----------1   ->     0 10'0000000100
     99:     3 24'0000-------------------1   ->     0 10'0000000100
    100:     3 24'1-----------------------   ->     0 10'0000000100
    101:     3 24'0--1--------------1----1   ->     1 10'0000000100
    102:     3 24'0-1----1---------------1   ->     1 10'0000000100
    103:     3 24'0--1-------------1-----1   ->     2 10'0000000100
    104:     3 24'0-1-----1--------------1   ->     2 10'0000000100
    105:     3 24'0--1----------1--------1   ->     3 10'0000000100
    106:     3 24'0-1--1-----------------1   ->     3 10'0000000100
    107:     3 24'0--1------------1----011   ->     4 10'0000000100
    108:     3 24'0-1--------1-----------1   ->     4 10'0000000100
    109:     3 24'01------------------1--1   ->     5 10'0000000100
    110:     3 24'01-----------------1---1   ->     5 10'0000000100
    111:     3 24'01---------------1-----1   ->     5 10'0000000100
    112:     3 24'01--------------1------1   ->     5 10'0000000100
    113:     3 24'01-------------1-------1   ->     5 10'0000000100
    114:     3 24'01------------1--------1   ->     5 10'0000000100
    115:     3 24'0-1-1------------------1   ->     5 10'0000000100
    116:     3 24'0--1---------1---------1   ->     6 10'0000000100
    117:     3 24'0-1------1-------------1   ->     6 10'0000000100
    118:     3 24'0--1---------------1--11   ->     7 10'0000000100
    119:     3 24'0-1-------1------------1   ->     7 10'0000000100
    120:     3 24'0--1-----------1-------1   ->     8 10'0000000100
    121:     3 24'0-1---1----------------1   ->     8 10'0000000100
    122:     3 24'0--1------------1----1-1   ->     9 10'0000000100
    123:     3 24'0-1---------1----------1   ->     9 10'0000000100
    124:     4 24'0----------------------0   ->     0 10'0001000000
    125:     4 24'0--1------------1----001   ->     0 10'0001000000
    126:     4 24'0--1---------------1--01   ->     0 10'0001000000
    127:     4 24'01------------0000-00--1   ->     0 10'0001000000
    128:     4 24'0--1----------------1--1   ->     0 10'0001000000
    129:     4 24'0-1-000000000----------1   ->     0 10'0001000000
    130:     4 24'0000-------------------1   ->     0 10'0001000000
    131:     4 24'1-----------------------   ->     0 10'0001000000
    132:     4 24'0--1--------------1----1   ->     1 10'0001000000
    133:     4 24'0-1----1---------------1   ->     1 10'0001000000
    134:     4 24'0--1-------------1-----1   ->     2 10'0001000000
    135:     4 24'0-1-----1--------------1   ->     2 10'0001000000
    136:     4 24'0--1----------1--------1   ->     3 10'0001000000
    137:     4 24'0-1--1-----------------1   ->     3 10'0001000000
    138:     4 24'0--1------------1----011   ->     4 10'0001000000
    139:     4 24'0-1--------1-----------1   ->     4 10'0001000000
    140:     4 24'01------------------1--1   ->     5 10'0001000000
    141:     4 24'01-----------------1---1   ->     5 10'0001000000
    142:     4 24'01---------------1-----1   ->     5 10'0001000000
    143:     4 24'01--------------1------1   ->     5 10'0001000000
    144:     4 24'01-------------1-------1   ->     5 10'0001000000
    145:     4 24'01------------1--------1   ->     5 10'0001000000
    146:     4 24'0-1-1------------------1   ->     5 10'0001000000
    147:     4 24'0--1---------1---------1   ->     6 10'0001000000
    148:     4 24'0-1------1-------------1   ->     6 10'0001000000
    149:     4 24'0--1---------------1--11   ->     7 10'0001000000
    150:     4 24'0-1-------1------------1   ->     7 10'0001000000
    151:     4 24'0--1-----------1-------1   ->     8 10'0001000000
    152:     4 24'0-1---1----------------1   ->     8 10'0001000000
    153:     4 24'0--1------------1----1-1   ->     9 10'0001000000
    154:     4 24'0-1---------1----------1   ->     9 10'0001000000
    155:     5 24'0----------------------0   ->     0 10'0000000010
    156:     5 24'0--1------------1----001   ->     0 10'0000000010
    157:     5 24'0--1---------------1--01   ->     0 10'0000000010
    158:     5 24'01------------0000-00--1   ->     0 10'0000000010
    159:     5 24'0--1----------------1--1   ->     0 10'0000000010
    160:     5 24'0-1-000000000----------1   ->     0 10'0000000010
    161:     5 24'0000-------------------1   ->     0 10'0000000010
    162:     5 24'1-----------------------   ->     0 10'0000000010
    163:     5 24'0--1--------------1----1   ->     1 10'0000000010
    164:     5 24'0-1----1---------------1   ->     1 10'0000000010
    165:     5 24'0--1-------------1-----1   ->     2 10'0000000010
    166:     5 24'0-1-----1--------------1   ->     2 10'0000000010
    167:     5 24'0--1----------1--------1   ->     3 10'0000000010
    168:     5 24'0-1--1-----------------1   ->     3 10'0000000010
    169:     5 24'0--1------------1----011   ->     4 10'0000000010
    170:     5 24'0-1--------1-----------1   ->     4 10'0000000010
    171:     5 24'01------------------1--1   ->     5 10'0000000010
    172:     5 24'01-----------------1---1   ->     5 10'0000000010
    173:     5 24'01---------------1-----1   ->     5 10'0000000010
    174:     5 24'01--------------1------1   ->     5 10'0000000010
    175:     5 24'01-------------1-------1   ->     5 10'0000000010
    176:     5 24'01------------1--------1   ->     5 10'0000000010
    177:     5 24'0-1-1------------------1   ->     5 10'0000000010
    178:     5 24'0--1---------1---------1   ->     6 10'0000000010
    179:     5 24'0-1------1-------------1   ->     6 10'0000000010
    180:     5 24'0--1---------------1--11   ->     7 10'0000000010
    181:     5 24'0-1-------1------------1   ->     7 10'0000000010
    182:     5 24'0--1-----------1-------1   ->     8 10'0000000010
    183:     5 24'0-1---1----------------1   ->     8 10'0000000010
    184:     5 24'0--1------------1----1-1   ->     9 10'0000000010
    185:     5 24'0-1---------1----------1   ->     9 10'0000000010
    186:     6 24'0----------------------0   ->     0 10'1000000000
    187:     6 24'0--1------------1----001   ->     0 10'1000000000
    188:     6 24'0--1---------------1--01   ->     0 10'1000000000
    189:     6 24'01------------0000-00--1   ->     0 10'1000000000
    190:     6 24'0--1----------------1--1   ->     0 10'1000000000
    191:     6 24'0-1-000000000----------1   ->     0 10'1000000000
    192:     6 24'0000-------------------1   ->     0 10'1000000000
    193:     6 24'1-----------------------   ->     0 10'1000000000
    194:     6 24'0--1--------------1----1   ->     1 10'1000000000
    195:     6 24'0-1----1---------------1   ->     1 10'1000000000
    196:     6 24'0--1-------------1-----1   ->     2 10'1000000000
    197:     6 24'0-1-----1--------------1   ->     2 10'1000000000
    198:     6 24'0--1----------1--------1   ->     3 10'1000000000
    199:     6 24'0-1--1-----------------1   ->     3 10'1000000000
    200:     6 24'0--1------------1----011   ->     4 10'1000000000
    201:     6 24'0-1--------1-----------1   ->     4 10'1000000000
    202:     6 24'01------------------1--1   ->     5 10'1000000000
    203:     6 24'01-----------------1---1   ->     5 10'1000000000
    204:     6 24'01---------------1-----1   ->     5 10'1000000000
    205:     6 24'01--------------1------1   ->     5 10'1000000000
    206:     6 24'01-------------1-------1   ->     5 10'1000000000
    207:     6 24'01------------1--------1   ->     5 10'1000000000
    208:     6 24'0-1-1------------------1   ->     5 10'1000000000
    209:     6 24'0--1---------1---------1   ->     6 10'1000000000
    210:     6 24'0-1------1-------------1   ->     6 10'1000000000
    211:     6 24'0--1---------------1--11   ->     7 10'1000000000
    212:     6 24'0-1-------1------------1   ->     7 10'1000000000
    213:     6 24'0--1-----------1-------1   ->     8 10'1000000000
    214:     6 24'0-1---1----------------1   ->     8 10'1000000000
    215:     6 24'0--1------------1----1-1   ->     9 10'1000000000
    216:     6 24'0-1---------1----------1   ->     9 10'1000000000
    217:     7 24'0----------------------0   ->     0 10'0000100000
    218:     7 24'0--1------------1----001   ->     0 10'0000100000
    219:     7 24'0--1---------------1--01   ->     0 10'0000100000
    220:     7 24'01------------0000-00--1   ->     0 10'0000100000
    221:     7 24'0--1----------------1--1   ->     0 10'0000100000
    222:     7 24'0-1-000000000----------1   ->     0 10'0000100000
    223:     7 24'0000-------------------1   ->     0 10'0000100000
    224:     7 24'1-----------------------   ->     0 10'0000100000
    225:     7 24'0--1--------------1----1   ->     1 10'0000100000
    226:     7 24'0-1----1---------------1   ->     1 10'0000100000
    227:     7 24'0--1-------------1-----1   ->     2 10'0000100000
    228:     7 24'0-1-----1--------------1   ->     2 10'0000100000
    229:     7 24'0--1----------1--------1   ->     3 10'0000100000
    230:     7 24'0-1--1-----------------1   ->     3 10'0000100000
    231:     7 24'0--1------------1----011   ->     4 10'0000100000
    232:     7 24'0-1--------1-----------1   ->     4 10'0000100000
    233:     7 24'01------------------1--1   ->     5 10'0000100000
    234:     7 24'01-----------------1---1   ->     5 10'0000100000
    235:     7 24'01---------------1-----1   ->     5 10'0000100000
    236:     7 24'01--------------1------1   ->     5 10'0000100000
    237:     7 24'01-------------1-------1   ->     5 10'0000100000
    238:     7 24'01------------1--------1   ->     5 10'0000100000
    239:     7 24'0-1-1------------------1   ->     5 10'0000100000
    240:     7 24'0--1---------1---------1   ->     6 10'0000100000
    241:     7 24'0-1------1-------------1   ->     6 10'0000100000
    242:     7 24'0--1---------------1--11   ->     7 10'0000100000
    243:     7 24'0-1-------1------------1   ->     7 10'0000100000
    244:     7 24'0--1-----------1-------1   ->     8 10'0000100000
    245:     7 24'0-1---1----------------1   ->     8 10'0000100000
    246:     7 24'0--1------------1----1-1   ->     9 10'0000100000
    247:     7 24'0-1---------1----------1   ->     9 10'0000100000
    248:     8 24'0----------------------0   ->     0 10'0000001000
    249:     8 24'0--1------------1----001   ->     0 10'0000001000
    250:     8 24'0--1---------------1--01   ->     0 10'0000001000
    251:     8 24'01------------0000-00--1   ->     0 10'0000001000
    252:     8 24'0--1----------------1--1   ->     0 10'0000001000
    253:     8 24'0-1-000000000----------1   ->     0 10'0000001000
    254:     8 24'0000-------------------1   ->     0 10'0000001000
    255:     8 24'1-----------------------   ->     0 10'0000001000
    256:     8 24'0--1--------------1----1   ->     1 10'0000001000
    257:     8 24'0-1----1---------------1   ->     1 10'0000001000
    258:     8 24'0--1-------------1-----1   ->     2 10'0000001000
    259:     8 24'0-1-----1--------------1   ->     2 10'0000001000
    260:     8 24'0--1----------1--------1   ->     3 10'0000001000
    261:     8 24'0-1--1-----------------1   ->     3 10'0000001000
    262:     8 24'0--1------------1----011   ->     4 10'0000001000
    263:     8 24'0-1--------1-----------1   ->     4 10'0000001000
    264:     8 24'01------------------1--1   ->     5 10'0000001000
    265:     8 24'01-----------------1---1   ->     5 10'0000001000
    266:     8 24'01---------------1-----1   ->     5 10'0000001000
    267:     8 24'01--------------1------1   ->     5 10'0000001000
    268:     8 24'01-------------1-------1   ->     5 10'0000001000
    269:     8 24'01------------1--------1   ->     5 10'0000001000
    270:     8 24'0-1-1------------------1   ->     5 10'0000001000
    271:     8 24'0--1---------1---------1   ->     6 10'0000001000
    272:     8 24'0-1------1-------------1   ->     6 10'0000001000
    273:     8 24'0--1---------------1--11   ->     7 10'0000001000
    274:     8 24'0-1-------1------------1   ->     7 10'0000001000
    275:     8 24'0--1-----------1-------1   ->     8 10'0000001000
    276:     8 24'0-1---1----------------1   ->     8 10'0000001000
    277:     8 24'0--1------------1----1-1   ->     9 10'0000001000
    278:     8 24'0-1---------1----------1   ->     9 10'0000001000
    279:     9 24'0----------------------0   ->     0 10'0010000000
    280:     9 24'0--1------------1----001   ->     0 10'0010000000
    281:     9 24'0--1---------------1--01   ->     0 10'0010000000
    282:     9 24'01------------0000-00--1   ->     0 10'0010000000
    283:     9 24'0--1----------------1--1   ->     0 10'0010000000
    284:     9 24'0-1-000000000----------1   ->     0 10'0010000000
    285:     9 24'0000-------------------1   ->     0 10'0010000000
    286:     9 24'1-----------------------   ->     0 10'0010000000
    287:     9 24'0--1--------------1----1   ->     1 10'0010000000
    288:     9 24'0-1----1---------------1   ->     1 10'0010000000
    289:     9 24'0--1-------------1-----1   ->     2 10'0010000000
    290:     9 24'0-1-----1--------------1   ->     2 10'0010000000
    291:     9 24'0--1----------1--------1   ->     3 10'0010000000
    292:     9 24'0-1--1-----------------1   ->     3 10'0010000000
    293:     9 24'0--1------------1----011   ->     4 10'0010000000
    294:     9 24'0-1--------1-----------1   ->     4 10'0010000000
    295:     9 24'01------------------1--1   ->     5 10'0010000000
    296:     9 24'01-----------------1---1   ->     5 10'0010000000
    297:     9 24'01---------------1-----1   ->     5 10'0010000000
    298:     9 24'01--------------1------1   ->     5 10'0010000000
    299:     9 24'01-------------1-------1   ->     5 10'0010000000
    300:     9 24'01------------1--------1   ->     5 10'0010000000
    301:     9 24'0-1-1------------------1   ->     5 10'0010000000
    302:     9 24'0--1---------1---------1   ->     6 10'0010000000
    303:     9 24'0-1------1-------------1   ->     6 10'0010000000
    304:     9 24'0--1---------------1--11   ->     7 10'0010000000
    305:     9 24'0-1-------1------------1   ->     7 10'0010000000
    306:     9 24'0--1-----------1-------1   ->     8 10'0010000000
    307:     9 24'0-1---1----------------1   ->     8 10'0010000000
    308:     9 24'0--1------------1----1-1   ->     9 10'0010000000
    309:     9 24'0-1---------1----------1   ->     9 10'0010000000

-------------------------------------

FSM `$fsm$\u_id_ex.out_branch_type$1858' from module `rv32i_pipeline_core':
-------------------------------------

  Information on FSM $fsm$\u_id_ex.out_branch_type$1858 (\u_id_ex.out_branch_type):

  Number of input signals:    9
  Number of output signals:   6
  Number of state bits:       7

  Input signals:
    0: \u_frontend.if_id_valid_q
    1: $flatten\u_id.\u_decoder.$eq$rtl/decoder.sv:180$128_Y
    2: $flatten\u_id.\u_decoder.$eq$rtl/decoder.sv:187$129_Y
    3: $flatten\u_id.\u_decoder.$eq$rtl/decoder.sv:201$131_Y
    4: $flatten\u_id.\u_decoder.$eq$rtl/decoder.sv:208$132_Y
    5: $flatten\u_id.\u_decoder.$eq$rtl/decoder.sv:263$140_Y
    6: $flatten\u_id.\u_decoder.$eq$rtl/decoder.sv:269$141_Y
    7: $flatten\u_id.$procmux$1693_CMP
    8: $flatten\u_id_ex.$logic_or$rtl/pipeline_id_ex.sv:53$34_Y

  Output signals:
    0: $flatten\u_ex.$procmux$1522_CMP
    1: $flatten\u_ex.$procmux$1521_CMP
    2: $flatten\u_ex.$procmux$1520_CMP
    3: $flatten\u_ex.$procmux$1519_CMP
    4: $flatten\u_ex.$procmux$1518_CMP
    5: $flatten\u_ex.$procmux$1517_CMP

  State encoding:
    0:  7'------1  <RESET STATE>
    1:  7'-----1-
    2:  7'----1--
    3:  7'---1---
    4:  7'--1----
    5:  7'-1-----
    6:  7'1------

  Transition Table (state_in, ctrl_in, state_out, ctrl_out):
      0:     0 9'0-------0   ->     0 6'000000
      1:     0 9'010000001   ->     0 6'000000
      2:     0 9'00------1   ->     0 6'000000
      3:     0 9'1--------   ->     0 6'000000
      4:     0 9'01--1---1   ->     1 6'000000
      5:     0 9'01----1-1   ->     2 6'000000
      6:     0 9'011-----1   ->     3 6'000000
      7:     0 9'01-----11   ->     4 6'000000
      8:     0 9'01-1----1   ->     5 6'000000
      9:     0 9'01---1--1   ->     6 6'000000
     10:     1 9'0-------0   ->     0 6'001000
     11:     1 9'010000001   ->     0 6'001000
     12:     1 9'00------1   ->     0 6'001000
     13:     1 9'1--------   ->     0 6'001000
     14:     1 9'01--1---1   ->     1 6'001000
     15:     1 9'01----1-1   ->     2 6'001000
     16:     1 9'011-----1   ->     3 6'001000
     17:     1 9'01-----11   ->     4 6'001000
     18:     1 9'01-1----1   ->     5 6'001000
     19:     1 9'01---1--1   ->     6 6'001000
     20:     2 9'0-------0   ->     0 6'000010
     21:     2 9'010000001   ->     0 6'000010
     22:     2 9'00------1   ->     0 6'000010
     23:     2 9'1--------   ->     0 6'000010
     24:     2 9'01--1---1   ->     1 6'000010
     25:     2 9'01----1-1   ->     2 6'000010
     26:     2 9'011-----1   ->     3 6'000010
     27:     2 9'01-----11   ->     4 6'000010
     28:     2 9'01-1----1   ->     5 6'000010
     29:     2 9'01---1--1   ->     6 6'000010
     30:     3 9'0-------0   ->     0 6'100000
     31:     3 9'010000001   ->     0 6'100000
     32:     3 9'00------1   ->     0 6'100000
     33:     3 9'1--------   ->     0 6'100000
     34:     3 9'01--1---1   ->     1 6'100000
     35:     3 9'01----1-1   ->     2 6'100000
     36:     3 9'011-----1   ->     3 6'100000
     37:     3 9'01-----11   ->     4 6'100000
     38:     3 9'01-1----1   ->     5 6'100000
     39:     3 9'01---1--1   ->     6 6'100000
     40:     4 9'0-------0   ->     0 6'000001
     41:     4 9'010000001   ->     0 6'000001
     42:     4 9'00------1   ->     0 6'000001
     43:     4 9'1--------   ->     0 6'000001
     44:     4 9'01--1---1   ->     1 6'000001
     45:     4 9'01----1-1   ->     2 6'000001
     46:     4 9'011-----1   ->     3 6'000001
     47:     4 9'01-----11   ->     4 6'000001
     48:     4 9'01-1----1   ->     5 6'000001
     49:     4 9'01---1--1   ->     6 6'000001
     50:     5 9'0-------0   ->     0 6'010000
     51:     5 9'010000001   ->     0 6'010000
     52:     5 9'00------1   ->     0 6'010000
     53:     5 9'1--------   ->     0 6'010000
     54:     5 9'01--1---1   ->     1 6'010000
     55:     5 9'01----1-1   ->     2 6'010000
     56:     5 9'011-----1   ->     3 6'010000
     57:     5 9'01-----11   ->     4 6'010000
     58:     5 9'01-1----1   ->     5 6'010000
     59:     5 9'01---1--1   ->     6 6'010000
     60:     6 9'0-------0   ->     0 6'000100
     61:     6 9'010000001   ->     0 6'000100
     62:     6 9'00------1   ->     0 6'000100
     63:     6 9'1--------   ->     0 6'000100
     64:     6 9'01--1---1   ->     1 6'000100
     65:     6 9'01----1-1   ->     2 6'000100
     66:     6 9'011-----1   ->     3 6'000100
     67:     6 9'01-----11   ->     4 6'000100
     68:     6 9'01-1----1   ->     5 6'000100
     69:     6 9'01---1--1   ->     6 6'000100

-------------------------------------

FSM `$fsm$\u_id_ex.out_jump_type$1866' from module `rv32i_pipeline_core':
-------------------------------------

  Information on FSM $fsm$\u_id_ex.out_jump_type$1866 (\u_id_ex.out_jump_type):

  Number of input signals:    5
  Number of output signals:   2
  Number of state bits:       3

  Input signals:
    0: \u_frontend.if_id_valid_q
    1: $flatten\u_id.\u_decoder.$eq$rtl/decoder.sv:180$128_Y
    2: $flatten\u_id.\u_decoder.$procmux$1233_CMP
    3: $flatten\u_id.$procmux$1698_CMP
    4: $flatten\u_id_ex.$logic_or$rtl/pipeline_id_ex.sv:53$34_Y

  Output signals:
    0: $flatten\u_ex.$eq$rtl/pipeline_ex.sv:146$70_Y
    1: $flatten\u_ex.$eq$rtl/pipeline_ex.sv:142$68_Y

  State encoding:
    0:      3'--1  <RESET STATE>
    1:      3'-1-
    2:      3'1--

  Transition Table (state_in, ctrl_in, state_out, ctrl_out):
      0:     0 5'0---0   ->     0 2'00
      1:     0 5'01-01   ->     0 2'00
      2:     0 5'000-1   ->     0 2'00
      3:     0 5'1----   ->     0 2'00
      4:     0 5'01-11   ->     1 2'00
      5:     0 5'0-1-1   ->     2 2'00
      6:     1 5'0---0   ->     0 2'01
      7:     1 5'01-01   ->     0 2'01
      8:     1 5'000-1   ->     0 2'01
      9:     1 5'1----   ->     0 2'01
     10:     1 5'01-11   ->     1 2'01
     11:     1 5'0-1-1   ->     2 2'01
     12:     2 5'0---0   ->     0 2'10
     13:     2 5'01-01   ->     0 2'10
     14:     2 5'000-1   ->     0 2'10
     15:     2 5'1----   ->     0 2'10
     16:     2 5'01-11   ->     1 2'10
     17:     2 5'0-1-1   ->     2 2'10

-------------------------------------

16.8.8. Executing FSM_MAP pass (mapping FSMs to basic logic).
Mapping FSM `$fsm$\u_id_ex.out_alu_op$1846' from module `\rv32i_pipeline_core'.
Mapping FSM `$fsm$\u_id_ex.out_branch_type$1858' from module `\rv32i_pipeline_core'.
Mapping FSM `$fsm$\u_id_ex.out_jump_type$1866' from module `\rv32i_pipeline_core'.

16.9. Executing OPT pass (performing simple optimizations).

16.9.1. Executing OPT_EXPR pass (perform const folding).
Optimizing module rv32i_pipeline_core.
<suppressed ~6 debug messages>

16.9.2. Executing OPT_MERGE pass (detect identical cells).
Finding identical cells in module `\rv32i_pipeline_core'.
<suppressed ~27 debug messages>
Removed a total of 9 cells.

16.9.3. Executing OPT_MUXTREE pass (detect dead branches in mux trees).
Running muxtree optimizer on module \rv32i_pipeline_core..
  Creating internal representation of mux trees.
  Evaluating internal representation of mux trees.
  Analyzing evaluation results.
Removed 0 multiplexer ports.
<suppressed ~73 debug messages>

16.9.4. Executing OPT_REDUCE pass (consolidate $*mux and $reduce_* inputs).
  Optimizing cells in module \rv32i_pipeline_core.
Performed a total of 0 changes.

16.9.5. Executing OPT_MERGE pass (detect identical cells).
Finding identical cells in module `\rv32i_pipeline_core'.
Removed a total of 0 cells.

16.9.6. Executing OPT_DFF pass (perform DFF optimizations).
Adding SRST signal on $procdff$1826 ($dff) from module rv32i_pipeline_core (D = \u_id_ex.out_pc, Q = \ex_mem_pc, rval = 0).
Adding SRST signal on $procdff$1825 ($dff) from module rv32i_pipeline_core (D = $procmux$1758_Y, Q = \retired_count, rval = 0).
Adding EN signal on $auto$ff.cc:266:slice$1989 ($sdff) from module rv32i_pipeline_core (D = $add$rtl/rv32i_pipeline_core.sv:210$10_Y, Q = \retired_count).
Adding SRST signal on $procdff$1824 ($dff) from module rv32i_pipeline_core (D = $add$rtl/rv32i_pipeline_core.sv:208$9_Y, Q = \cycle_count, rval = 0).
Adding SRST signal on $flatten\u_mem_wb.$procdff$1787 ($dff) from module rv32i_pipeline_core (D = $flatten\u_mem.$2\out_load_data[31:0], Q = \u_mem_wb.out_load_data, rval = 0).
Adding SRST signal on $flatten\u_mem_wb.$procdff$1786 ($dff) from module rv32i_pipeline_core (D = \u_ex_mem.out_alu_result, Q = \u_mem_wb.out_alu_result, rval = 0).
Adding SRST signal on $flatten\u_mem_wb.$procdff$1785 ($dff) from module rv32i_pipeline_core (D = \u_mem_wb.in_reg_write, Q = \u_mem_wb.out_reg_write, rval = 1'0).
Adding SRST signal on $flatten\u_mem_wb.$procdff$1784 ($dff) from module rv32i_pipeline_core (D = \u_ex_mem.out_result_src, Q = \u_mem_wb.out_result_src, rval = 2'00).
Adding SRST signal on $flatten\u_mem_wb.$procdff$1783 ($dff) from module rv32i_pipeline_core (D = \u_ex_mem.out_imm, Q = \u_mem_wb.out_imm, rval = 0).
Adding SRST signal on $flatten\u_mem_wb.$procdff$1782 ($dff) from module rv32i_pipeline_core (D = \u_ex_mem.out_rd_addr, Q = \u_mem_wb.out_rd_addr, rval = 5'00000).
Adding SRST signal on $flatten\u_mem_wb.$procdff$1781 ($dff) from module rv32i_pipeline_core (D = \u_ex_mem.out_pc_plus_4, Q = \u_mem_wb.out_pc_plus_4, rval = 0).
Adding SRST signal on $flatten\u_mem_wb.$procdff$1780 ($dff) from module rv32i_pipeline_core (D = \ex_mem_pc, Q = \u_mem_wb.out_pc, rval = 0).
Adding SRST signal on $flatten\u_mem_wb.$procdff$1779 ($dff) from module rv32i_pipeline_core (D = \u_ex_mem.out_valid, Q = \u_mem_wb.out_valid, rval = 1'0).
Adding SRST signal on $flatten\u_id_ex.$procdff$1818 ($dff) from module rv32i_pipeline_core (D = \u_hazard.id_uses_rs2, Q = \u_id_ex.out_uses_rs2, rval = 1'0).
Adding SRST signal on $flatten\u_id_ex.$procdff$1817 ($dff) from module rv32i_pipeline_core (D = \u_hazard.id_uses_rs1, Q = \u_id_ex.out_uses_rs1, rval = 1'0).
Adding SRST signal on $flatten\u_id_ex.$procdff$1814 ($dff) from module rv32i_pipeline_core (D = $flatten\u_id.\u_decoder.$7\branch[0:0], Q = \u_id_ex.out_branch, rval = 1'0).
Adding SRST signal on $flatten\u_id_ex.$procdff$1813 ($dff) from module rv32i_pipeline_core (D = $flatten\u_id.\u_decoder.$13\alu_src[0:0], Q = \u_id_ex.out_mem_write, rval = 1'0).
Adding SRST signal on $flatten\u_id_ex.$procdff$1812 ($dff) from module rv32i_pipeline_core (D = \u_id.dec_reg_write, Q = \u_id_ex.out_reg_write, rval = 1'0).
Adding SRST signal on $flatten\u_id_ex.$procdff$1811 ($dff) from module rv32i_pipeline_core (D = \u_id.dec_result_src, Q = \u_id_ex.out_result_src, rval = 2'00).
Adding SRST signal on $flatten\u_id_ex.$procdff$1810 ($dff) from module rv32i_pipeline_core (D = \u_id.dec_alu_a_pc, Q = \u_id_ex.out_alu_a_pc, rval = 1'0).
Adding SRST signal on $flatten\u_id_ex.$procdff$1809 ($dff) from module rv32i_pipeline_core (D = \u_id.dec_alu_src, Q = \u_id_ex.out_alu_src, rval = 1'0).
Adding SRST signal on $flatten\u_id_ex.$procdff$1807 ($dff) from module rv32i_pipeline_core (D = \u_frontend.if_id_instr_q [14:12], Q = \u_id_ex.out_funct3, rval = 3'000).
Adding SRST signal on $flatten\u_id_ex.$procdff$1806 ($dff) from module rv32i_pipeline_core (D = \u_id.dec_imm, Q = \u_id_ex.out_imm, rval = 0).
Adding SRST signal on $flatten\u_id_ex.$procdff$1805 ($dff) from module rv32i_pipeline_core (D = \u_id.id_rs2_data, Q = \u_id_ex.out_rs2_data, rval = 0).
Adding SRST signal on $flatten\u_id_ex.$procdff$1804 ($dff) from module rv32i_pipeline_core (D = \u_id.id_rs1_data, Q = \u_id_ex.out_rs1_data, rval = 0).
Adding SRST signal on $flatten\u_id_ex.$procdff$1803 ($dff) from module rv32i_pipeline_core (D = \u_frontend.if_id_instr_q [11:7], Q = \u_id_ex.out_rd_addr, rval = 5'00000).
Adding SRST signal on $flatten\u_id_ex.$procdff$1802 ($dff) from module rv32i_pipeline_core (D = \u_hazard.id_rs2_addr, Q = \u_id_ex.out_rs2_addr, rval = 5'00000).
Adding SRST signal on $flatten\u_id_ex.$procdff$1801 ($dff) from module rv32i_pipeline_core (D = \u_hazard.id_rs1_addr, Q = \u_id_ex.out_rs1_addr, rval = 5'00000).
Adding SRST signal on $flatten\u_id_ex.$procdff$1800 ($dff) from module rv32i_pipeline_core (D = \u_frontend.if_id_pc_plus_4_q, Q = \u_id_ex.out_pc_plus_4, rval = 0).
Adding SRST signal on $flatten\u_id_ex.$procdff$1799 ($dff) from module rv32i_pipeline_core (D = \u_frontend.if_id_pc_q, Q = \u_id_ex.out_pc, rval = 0).
Adding SRST signal on $flatten\u_id_ex.$procdff$1798 ($dff) from module rv32i_pipeline_core (D = \u_hazard.id_valid, Q = \u_id_ex.out_valid, rval = 1'0).
Adding SRST signal on $flatten\u_frontend.$procdff$1823 ($dff) from module rv32i_pipeline_core (D = $flatten\u_frontend.$procmux$1711_Y, Q = \u_frontend.if_id_pc_plus_4_q, rval = 0).
Adding EN signal on $auto$ff.cc:266:slice$2079 ($sdff) from module rv32i_pipeline_core (D = $flatten\u_frontend.$add$rtl/pipeline_frontend.sv:53$12_Y, Q = \u_frontend.if_id_pc_plus_4_q).
Adding SRST signal on $flatten\u_frontend.$procdff$1822 ($dff) from module rv32i_pipeline_core (D = $flatten\u_frontend.$procmux$1720_Y, Q = \u_frontend.if_id_instr_q, rval = 0).
Adding EN signal on $auto$ff.cc:266:slice$2083 ($sdff) from module rv32i_pipeline_core (D = \instr, Q = \u_frontend.if_id_instr_q).
Adding SRST signal on $flatten\u_frontend.$procdff$1821 ($dff) from module rv32i_pipeline_core (D = $flatten\u_frontend.$procmux$1729_Y, Q = \u_frontend.if_id_pc_q, rval = 0).
Adding EN signal on $auto$ff.cc:266:slice$2087 ($sdff) from module rv32i_pipeline_core (D = \u_frontend.pc, Q = \u_frontend.if_id_pc_q).
Adding SRST signal on $flatten\u_frontend.$procdff$1820 ($dff) from module rv32i_pipeline_core (D = $flatten\u_frontend.$procmux$1738_Y, Q = \u_frontend.if_id_valid_q, rval = 1'0).
Adding EN signal on $auto$ff.cc:266:slice$2091 ($sdff) from module rv32i_pipeline_core (D = 1'1, Q = \u_frontend.if_id_valid_q).
Adding SRST signal on $flatten\u_frontend.$procdff$1819 ($dff) from module rv32i_pipeline_core (D = $flatten\u_frontend.$procmux$1750_Y, Q = \u_frontend.pc, rval = 0).
Adding EN signal on $auto$ff.cc:266:slice$2095 ($sdff) from module rv32i_pipeline_core (D = $flatten\u_frontend.$procmux$1750_Y, Q = \u_frontend.pc).
Adding SRST signal on $flatten\u_ex_mem.$procdff$1797 ($dff) from module rv32i_pipeline_core (D = \u_ex.rs2_fwd, Q = \u_ex_mem.out_store_data, rval = 0).
Adding SRST signal on $flatten\u_ex_mem.$procdff$1796 ($dff) from module rv32i_pipeline_core (D = \u_ex_mem.in_alu_result, Q = \u_ex_mem.out_alu_result, rval = 0).
Adding SRST signal on $flatten\u_ex_mem.$procdff$1795 ($dff) from module rv32i_pipeline_core (D = \u_ex_mem.in_mem_write, Q = \u_ex_mem.out_mem_write, rval = 1'0).
Adding SRST signal on $flatten\u_ex_mem.$procdff$1794 ($dff) from module rv32i_pipeline_core (D = \u_ex_mem.in_reg_write, Q = \u_ex_mem.out_reg_write, rval = 1'0).
Adding SRST signal on $flatten\u_ex_mem.$procdff$1793 ($dff) from module rv32i_pipeline_core (D = \u_id_ex.out_result_src, Q = \u_ex_mem.out_result_src, rval = 2'00).
Adding SRST signal on $flatten\u_ex_mem.$procdff$1792 ($dff) from module rv32i_pipeline_core (D = \u_id_ex.out_funct3, Q = \u_ex_mem.out_funct3, rval = 3'000).
Adding SRST signal on $flatten\u_ex_mem.$procdff$1791 ($dff) from module rv32i_pipeline_core (D = \u_id_ex.out_imm, Q = \u_ex_mem.out_imm, rval = 0).
Adding SRST signal on $flatten\u_ex_mem.$procdff$1790 ($dff) from module rv32i_pipeline_core (D = \u_id_ex.out_rd_addr, Q = \u_ex_mem.out_rd_addr, rval = 5'00000).
Adding SRST signal on $flatten\u_ex_mem.$procdff$1789 ($dff) from module rv32i_pipeline_core (D = \u_id_ex.out_pc_plus_4, Q = \u_ex_mem.out_pc_plus_4, rval = 0).
Adding SRST signal on $flatten\u_ex_mem.$procdff$1788 ($dff) from module rv32i_pipeline_core (D = \u_id_ex.out_valid, Q = \u_ex_mem.out_valid, rval = 1'0).

16.9.7. Executing OPT_CLEAN pass (remove unused cells and wires).
Finding unused cells or wires in module \rv32i_pipeline_core..
Removed 70 unused cells and 105 unused wires.
<suppressed ~75 debug messages>

16.9.8. Executing OPT_EXPR pass (perform const folding).
Optimizing module rv32i_pipeline_core.

16.9.9. Rerunning OPT passes. (Maybe there is more to do..)

16.9.10. Executing OPT_MUXTREE pass (detect dead branches in mux trees).
Running muxtree optimizer on module \rv32i_pipeline_core..
  Creating internal representation of mux trees.
  Evaluating internal representation of mux trees.
  Analyzing evaluation results.
Removed 0 multiplexer ports.
<suppressed ~37 debug messages>

16.9.11. Executing OPT_REDUCE pass (consolidate $*mux and $reduce_* inputs).
  Optimizing cells in module \rv32i_pipeline_core.
Performed a total of 0 changes.

16.9.12. Executing OPT_MERGE pass (detect identical cells).
Finding identical cells in module `\rv32i_pipeline_core'.
<suppressed ~75 debug messages>
Removed a total of 25 cells.

16.9.13. Executing OPT_DFF pass (perform DFF optimizations).

16.9.14. Executing OPT_CLEAN pass (remove unused cells and wires).
Finding unused cells or wires in module \rv32i_pipeline_core..
Removed 0 unused cells and 25 unused wires.
<suppressed ~1 debug messages>

16.9.15. Executing OPT_EXPR pass (perform const folding).
Optimizing module rv32i_pipeline_core.

16.9.16. Rerunning OPT passes. (Maybe there is more to do..)

16.9.17. Executing OPT_MUXTREE pass (detect dead branches in mux trees).
Running muxtree optimizer on module \rv32i_pipeline_core..
  Creating internal representation of mux trees.
  Evaluating internal representation of mux trees.
  Analyzing evaluation results.
Removed 0 multiplexer ports.
<suppressed ~37 debug messages>

16.9.18. Executing OPT_REDUCE pass (consolidate $*mux and $reduce_* inputs).
  Optimizing cells in module \rv32i_pipeline_core.
Performed a total of 0 changes.

16.9.19. Executing OPT_MERGE pass (detect identical cells).
Finding identical cells in module `\rv32i_pipeline_core'.
Removed a total of 0 cells.

16.9.20. Executing OPT_DFF pass (perform DFF optimizations).

16.9.21. Executing OPT_CLEAN pass (remove unused cells and wires).
Finding unused cells or wires in module \rv32i_pipeline_core..

16.9.22. Executing OPT_EXPR pass (perform const folding).
Optimizing module rv32i_pipeline_core.

16.9.23. Finished OPT passes. (There is nothing left to do.)

16.10. Executing WREDUCE pass (reducing word size of cells).
Removed top 31 bits (of 32) from port B of cell rv32i_pipeline_core.$add$rtl/rv32i_pipeline_core.sv:208$9 ($add).
Removed top 31 bits (of 32) from port B of cell rv32i_pipeline_core.$add$rtl/rv32i_pipeline_core.sv:210$10 ($add).
Removed top 1 bits (of 2) from port B of cell rv32i_pipeline_core.$procmux$1766_CMP0 ($eq).
Removed top 1 bits (of 4) from port B of cell rv32i_pipeline_core.$auto$fsm_map.cc:77:implement_pattern_cache$1966 ($eq).
Removed top 29 bits (of 32) from port B of cell rv32i_pipeline_core.$flatten\u_frontend.$add$rtl/pipeline_frontend.sv:53$12 ($add).
Removed top 1 bits (of 4) from port B of cell rv32i_pipeline_core.$auto$fsm_map.cc:77:implement_pattern_cache$1902 ($eq).
Removed top 1 bits (of 4) from port B of cell rv32i_pipeline_core.$auto$fsm_map.cc:77:implement_pattern_cache$1904 ($eq).
Removed top 1 bits (of 4) from port B of cell rv32i_pipeline_core.$auto$fsm_map.cc:77:implement_pattern_cache$1978 ($eq).
Removed top 1 bits (of 3) from port B of cell rv32i_pipeline_core.$auto$fsm_map.cc:77:implement_pattern_cache$1987 ($eq).
Removed top 1 bits (of 4) from port B of cell rv32i_pipeline_core.$auto$fsm_map.cc:77:implement_pattern_cache$1894 ($eq).
Removed top 1 bits (of 4) from port B of cell rv32i_pipeline_core.$auto$fsm_map.cc:77:implement_pattern_cache$1897 ($eq).
Removed top 1 bits (of 6) from port B of cell rv32i_pipeline_core.$auto$fsm_map.cc:77:implement_pattern_cache$1907 ($eq).
Removed top 1 bits (of 4) from port B of cell rv32i_pipeline_core.$auto$fsm_map.cc:77:implement_pattern_cache$1909 ($eq).
Removed top 1 bits (of 4) from port B of cell rv32i_pipeline_core.$auto$fsm_map.cc:77:implement_pattern_cache$1899 ($eq).
Removed top 3 bits (of 4) from port B of cell rv32i_pipeline_core.$auto$fsm_map.cc:77:implement_pattern_cache$1980 ($eq).
Removed top 1 bits (of 4) from port B of cell rv32i_pipeline_core.$auto$fsm_map.cc:77:implement_pattern_cache$1985 ($eq).
Removed top 1 bits (of 4) from port B of cell rv32i_pipeline_core.$auto$fsm_map.cc:77:implement_pattern_cache$1968 ($eq).
Removed top 1 bits (of 3) from port B of cell rv32i_pipeline_core.$flatten\u_id.\u_immediate_generator.$procmux$195_CMP0 ($eq).
Removed top 1 bits (of 3) from port B of cell rv32i_pipeline_core.$flatten\u_id.\u_immediate_generator.$procmux$196_CMP0 ($eq).
Removed top 2 bits (of 3) from port B of cell rv32i_pipeline_core.$flatten\u_id.\u_immediate_generator.$procmux$197_CMP0 ($eq).
Removed top 1 bits (of 7) from port B of cell rv32i_pipeline_core.$flatten\u_id.\u_decoder.$eq$rtl/decoder.sv:161$126 ($eq).
Removed top 2 bits (of 3) from port B of cell rv32i_pipeline_core.$flatten\u_id.\u_decoder.$eq$rtl/decoder.sv:187$129 ($eq).
Removed top 1 bits (of 3) from port B of cell rv32i_pipeline_core.$flatten\u_id.\u_decoder.$eq$rtl/decoder.sv:194$130 ($eq).
Removed top 1 bits (of 4) from port B of cell rv32i_pipeline_core.$auto$fsm_map.cc:77:implement_pattern_cache$1962 ($eq).
Removed top 1 bits (of 4) from port B of cell rv32i_pipeline_core.$auto$fsm_map.cc:77:implement_pattern_cache$1960 ($eq).
Removed top 2 bits (of 3) from port B of cell rv32i_pipeline_core.$auto$fsm_map.cc:77:implement_pattern_cache$1955 ($eq).
Removed top 1 bits (of 9) from port B of cell rv32i_pipeline_core.$auto$fsm_map.cc:77:implement_pattern_cache$1953 ($eq).
Removed top 2 bits (of 3) from mux cell rv32i_pipeline_core.$flatten\u_id.\u_decoder.$procmux$444 ($mux).
Removed top 1 bits (of 3) from mux cell rv32i_pipeline_core.$flatten\u_id.\u_decoder.$procmux$464 ($mux).
Removed top 2 bits (of 3) from mux cell rv32i_pipeline_core.$flatten\u_id.\u_decoder.$procmux$540 ($mux).
Removed top 1 bits (of 2) from mux cell rv32i_pipeline_core.$flatten\u_id.\u_decoder.$procmux$879 ($mux).
Removed top 1 bits (of 3) from port B of cell rv32i_pipeline_core.$flatten\u_id.\u_decoder.$procmux$1112_CMP0 ($eq).
Removed top 1 bits (of 10) from port B of cell rv32i_pipeline_core.$flatten\u_id.\u_decoder.$procmux$1188_CMP0 ($eq).
Removed top 7 bits (of 10) from port B of cell rv32i_pipeline_core.$flatten\u_id.\u_decoder.$procmux$1189_CMP0 ($eq).
Removed top 9 bits (of 10) from port B of cell rv32i_pipeline_core.$flatten\u_id.\u_decoder.$procmux$1190_CMP0 ($eq).
Removed top 8 bits (of 10) from port B of cell rv32i_pipeline_core.$flatten\u_id.\u_decoder.$procmux$1191_CMP0 ($eq).
Removed top 7 bits (of 10) from port B of cell rv32i_pipeline_core.$flatten\u_id.\u_decoder.$procmux$1192_CMP0 ($eq).
Removed top 8 bits (of 10) from port B of cell rv32i_pipeline_core.$flatten\u_id.\u_decoder.$procmux$1193_CMP0 ($eq).
Removed top 7 bits (of 10) from port B of cell rv32i_pipeline_core.$flatten\u_id.\u_decoder.$procmux$1194_CMP0 ($eq).
Removed top 7 bits (of 10) from port B of cell rv32i_pipeline_core.$flatten\u_id.\u_decoder.$procmux$1195_CMP0 ($eq).
Removed top 1 bits (of 10) from port B of cell rv32i_pipeline_core.$flatten\u_id.\u_decoder.$procmux$1196_CMP0 ($eq).
Removed top 2 bits (of 7) from port B of cell rv32i_pipeline_core.$flatten\u_id.\u_decoder.$procmux$1234_CMP0 ($eq).
Removed top 1 bits (of 7) from port B of cell rv32i_pipeline_core.$flatten\u_id.\u_decoder.$procmux$1235_CMP0 ($eq).
Removed top 1 bits (of 4) from port B of cell rv32i_pipeline_core.$auto$fsm_map.cc:77:implement_pattern_cache$1944 ($eq).
Removed top 2 bits (of 7) from port B of cell rv32i_pipeline_core.$flatten\u_id.$procmux$1702_CMP0 ($eq).
Removed top 5 bits (of 7) from port B of cell rv32i_pipeline_core.$flatten\u_id.$procmux$1701_CMP0 ($eq).
Removed top 1 bits (of 7) from port B of cell rv32i_pipeline_core.$flatten\u_id.$procmux$1695_CMP0 ($eq).
Removed top 1 bits (of 7) from port B of cell rv32i_pipeline_core.$flatten\u_id.$procmux$1694_CMP0 ($eq).
Removed top 1 bits (of 5) from port B of cell rv32i_pipeline_core.$auto$fsm_map.cc:77:implement_pattern_cache$1942 ($eq).
Removed top 1 bits (of 2) from port B of cell rv32i_pipeline_core.$flatten\u_hazard.$eq$rtl/pipeline_hazard.sv:20$81 ($eq).
Removed top 1 bits (of 4) from port B of cell rv32i_pipeline_core.$auto$fsm_map.cc:77:implement_pattern_cache$1964 ($eq).
Removed top 1 bits (of 4) from port B of cell rv32i_pipeline_core.$auto$fsm_map.cc:77:implement_pattern_cache$1892 ($eq).
Removed top 1 bits (of 4) from port B of cell rv32i_pipeline_core.$auto$fsm_map.cc:77:implement_pattern_cache$1939 ($eq).
Removed top 1 bits (of 4) from port B of cell rv32i_pipeline_core.$auto$fsm_map.cc:77:implement_pattern_cache$1937 ($eq).
Removed top 1 bits (of 4) from port B of cell rv32i_pipeline_core.$auto$fsm_map.cc:77:implement_pattern_cache$1934 ($eq).
Removed top 1 bits (of 6) from port B of cell rv32i_pipeline_core.$auto$fsm_map.cc:77:implement_pattern_cache$1877 ($eq).
Removed top 1 bits (of 5) from port B of cell rv32i_pipeline_core.$auto$fsm_map.cc:77:implement_pattern_cache$1879 ($eq).
Removed top 1 bits (of 4) from port B of cell rv32i_pipeline_core.$auto$fsm_map.cc:77:implement_pattern_cache$1883 ($eq).
Removed top 1 bits (of 12) from port B of cell rv32i_pipeline_core.$auto$fsm_map.cc:77:implement_pattern_cache$1885 ($eq).
Removed top 4 bits (of 5) from port B of cell rv32i_pipeline_core.$auto$fsm_map.cc:77:implement_pattern_cache$1887 ($eq).
Removed top 1 bits (of 5) from port B of cell rv32i_pipeline_core.$auto$fsm_map.cc:77:implement_pattern_cache$1932 ($eq).
Removed top 1 bits (of 4) from port B of cell rv32i_pipeline_core.$auto$fsm_map.cc:77:implement_pattern_cache$1929 ($eq).
Removed top 1 bits (of 4) from port B of cell rv32i_pipeline_core.$auto$fsm_map.cc:77:implement_pattern_cache$1927 ($eq).
Removed top 1 bits (of 4) from port B of cell rv32i_pipeline_core.$auto$fsm_map.cc:77:implement_pattern_cache$1924 ($eq).
Removed top 1 bits (of 4) from port B of cell rv32i_pipeline_core.$auto$fsm_map.cc:77:implement_pattern_cache$1916 ($eq).
Removed top 1 bits (of 2) from port B of cell rv32i_pipeline_core.$flatten\u_ex.$ne$rtl/pipeline_ex.sv:77$39 ($ne).
Removed top 16 bits (of 32) from mux cell rv32i_pipeline_core.$flatten\u_mem.$procmux$1382 ($mux).
Removed top 2 bits (of 3) from port B of cell rv32i_pipeline_core.$flatten\u_mem.$procmux$1344_CMP0 ($eq).
Removed top 1 bits (of 3) from port B of cell rv32i_pipeline_core.$flatten\u_mem.$procmux$1325_CMP0 ($eq).
Removed top 2 bits (of 4) from port A of cell rv32i_pipeline_core.$flatten\u_mem.$shl$rtl/pipeline_mem.sv:60$113 ($shl).
Removed top 16 bits (of 32) from port A of cell rv32i_pipeline_core.$flatten\u_mem.$shl$rtl/pipeline_mem.sv:59$112 ($shl).
Removed top 27 bits (of 32) from port B of cell rv32i_pipeline_core.$flatten\u_mem.$shl$rtl/pipeline_mem.sv:59$112 ($shl).
Removed top 3 bits (of 4) from port A of cell rv32i_pipeline_core.$flatten\u_mem.$shl$rtl/pipeline_mem.sv:56$109 ($shl).
Removed top 24 bits (of 32) from port A of cell rv32i_pipeline_core.$flatten\u_mem.$shl$rtl/pipeline_mem.sv:55$108 ($shl).
Removed top 27 bits (of 32) from port B of cell rv32i_pipeline_core.$flatten\u_mem.$shl$rtl/pipeline_mem.sv:55$108 ($shl).
Removed top 1 bits (of 2) from port B of cell rv32i_pipeline_core.$flatten\u_mem.$eq$rtl/pipeline_mem.sv:37$98 ($eq).
Removed top 26 bits (of 32) from port B of cell rv32i_pipeline_core.$flatten\u_mem.$shiftx$rtl/pipeline_mem.sv:0$95 ($shiftx).
Removed top 2 bits (of 3) from wire rv32i_pipeline_core.$flatten\u_id.\u_decoder.$11\imm_type[2:0].
Removed top 2 bits (of 3) from wire rv32i_pipeline_core.$flatten\u_id.\u_decoder.$12\imm_type[2:0].
Removed top 1 bits (of 3) from wire rv32i_pipeline_core.$flatten\u_id.\u_decoder.$14\imm_type[2:0].
Removed top 1 bits (of 2) from wire rv32i_pipeline_core.$flatten\u_id.\u_decoder.$2\result_src[1:0].
Removed top 16 bits (of 32) from wire rv32i_pipeline_core.$flatten\u_mem.$5\out_load_data[31:0].

16.11. Executing PEEPOPT pass (run peephole optimizers).

16.12. Executing OPT_CLEAN pass (remove unused cells and wires).
Finding unused cells or wires in module \rv32i_pipeline_core..
Removed 0 unused cells and 5 unused wires.
<suppressed ~1 debug messages>

16.13. Executing ALUMACC pass (create $alu and $macc cells).
Extracting $alu and $macc cells in module rv32i_pipeline_core:
  creating $macc model for $add$rtl/rv32i_pipeline_core.sv:208$9 ($add).
  creating $macc model for $add$rtl/rv32i_pipeline_core.sv:210$10 ($add).
  creating $macc model for $flatten\u_ex.$add$rtl/pipeline_ex.sv:144$69 ($add).
  creating $macc model for $flatten\u_ex.$add$rtl/pipeline_ex.sv:148$71 ($add).
  creating $macc model for $flatten\u_ex.\u_alu.$add$rtl/alu.sv:21$161 ($add).
  creating $macc model for $flatten\u_ex.\u_alu.$sub$rtl/alu.sv:22$162 ($sub).
  creating $macc model for $flatten\u_frontend.$add$rtl/pipeline_frontend.sv:53$12 ($add).
  creating $alu model for $macc $flatten\u_frontend.$add$rtl/pipeline_frontend.sv:53$12.
  creating $alu model for $macc $flatten\u_ex.\u_alu.$sub$rtl/alu.sv:22$162.
  creating $alu model for $macc $flatten\u_ex.\u_alu.$add$rtl/alu.sv:21$161.
  creating $alu model for $macc $flatten\u_ex.$add$rtl/pipeline_ex.sv:148$71.
  creating $alu model for $macc $flatten\u_ex.$add$rtl/pipeline_ex.sv:144$69.
  creating $alu model for $macc $add$rtl/rv32i_pipeline_core.sv:210$10.
  creating $alu model for $macc $add$rtl/rv32i_pipeline_core.sv:208$9.
  creating $alu model for $flatten\u_ex.$ge$rtl/pipeline_ex.sv:129$64 ($ge): new $alu
  creating $alu model for $flatten\u_ex.$ge$rtl/pipeline_ex.sv:131$66 ($ge): new $alu
  creating $alu model for $flatten\u_ex.$lt$rtl/pipeline_ex.sv:128$63 ($lt): merged with $flatten\u_ex.$ge$rtl/pipeline_ex.sv:129$64.
  creating $alu model for $flatten\u_ex.$lt$rtl/pipeline_ex.sv:130$65 ($lt): merged with $flatten\u_ex.$ge$rtl/pipeline_ex.sv:131$66.
  creating $alu model for $flatten\u_ex.\u_alu.$lt$rtl/alu.sv:30$169 ($lt): new $alu
  creating $alu model for $flatten\u_ex.\u_alu.$lt$rtl/alu.sv:32$170 ($lt): merged with $flatten\u_ex.\u_alu.$sub$rtl/alu.sv:22$162.
  creating $alu model for $flatten\u_ex.$eq$rtl/pipeline_ex.sv:126$61 ($eq): merged with $flatten\u_ex.$ge$rtl/pipeline_ex.sv:131$66.
  creating $alu model for $flatten\u_ex.$ne$rtl/pipeline_ex.sv:127$62 ($ne): merged with $flatten\u_ex.$ge$rtl/pipeline_ex.sv:131$66.
  creating $alu cell for $flatten\u_ex.$ge$rtl/pipeline_ex.sv:131$66, $flatten\u_ex.$lt$rtl/pipeline_ex.sv:130$65, $flatten\u_ex.$eq$rtl/pipeline_ex.sv:126$61, $flatten\u_ex.$ne$rtl/pipeline_ex.sv:127$62: $auto$alumacc.cc:485:replace_alu$2117
  creating $alu cell for $flatten\u_ex.$ge$rtl/pipeline_ex.sv:129$64, $flatten\u_ex.$lt$rtl/pipeline_ex.sv:128$63: $auto$alumacc.cc:485:replace_alu$2132
  creating $alu cell for $add$rtl/rv32i_pipeline_core.sv:208$9: $auto$alumacc.cc:485:replace_alu$2147
  creating $alu cell for $add$rtl/rv32i_pipeline_core.sv:210$10: $auto$alumacc.cc:485:replace_alu$2150
  creating $alu cell for $flatten\u_ex.$add$rtl/pipeline_ex.sv:144$69: $auto$alumacc.cc:485:replace_alu$2153
  creating $alu cell for $flatten\u_ex.$add$rtl/pipeline_ex.sv:148$71: $auto$alumacc.cc:485:replace_alu$2156
  creating $alu cell for $flatten\u_ex.\u_alu.$lt$rtl/alu.sv:30$169: $auto$alumacc.cc:485:replace_alu$2159
  creating $alu cell for $flatten\u_ex.\u_alu.$add$rtl/alu.sv:21$161: $auto$alumacc.cc:485:replace_alu$2166
  creating $alu cell for $flatten\u_ex.\u_alu.$sub$rtl/alu.sv:22$162, $flatten\u_ex.\u_alu.$lt$rtl/alu.sv:32$170: $auto$alumacc.cc:485:replace_alu$2169
  creating $alu cell for $flatten\u_frontend.$add$rtl/pipeline_frontend.sv:53$12: $auto$alumacc.cc:485:replace_alu$2174
  created 10 $alu and 0 $macc cells.

16.14. Executing SHARE pass (SAT-based resource sharing).
Found 7 cells in module rv32i_pipeline_core that may be considered for resource sharing.
  Analyzing resource sharing options for $flatten\u_mem.$shl$rtl/pipeline_mem.sv:59$112 ($shl):
    Found 1 activation_patterns using ctrl signal { $flatten\u_mem.$logic_and$rtl/pipeline_mem.sv:52$106_Y $flatten\u_mem.$procmux$1344_CMP \u_ex_mem.out_alu_result [0] }.
    Found 2 candidates: $flatten\u_mem.$shl$rtl/pipeline_mem.sv:55$108 $flatten\u_ex.\u_alu.$shl$rtl/alu.sv:26$166
    Analyzing resource sharing with $flatten\u_mem.$shl$rtl/pipeline_mem.sv:55$108 ($shl):
      Found 1 activation_patterns using ctrl signal { $flatten\u_mem.$logic_and$rtl/pipeline_mem.sv:52$106_Y $flatten\u_mem.$procmux$1362_CMP }.
      Activation pattern for cell $flatten\u_mem.$shl$rtl/pipeline_mem.sv:59$112: { $flatten\u_mem.$logic_and$rtl/pipeline_mem.sv:52$106_Y $flatten\u_mem.$procmux$1344_CMP \u_ex_mem.out_alu_result [0] } = 3'110
      Activation pattern for cell $flatten\u_mem.$shl$rtl/pipeline_mem.sv:55$108: { $flatten\u_mem.$logic_and$rtl/pipeline_mem.sv:52$106_Y $flatten\u_mem.$procmux$1362_CMP } = 2'11
      Size of SAT problem: 0 cells, 54 variables, 133 clauses
      According to the SAT solver this pair of cells can be shared.
      Activation signal for $flatten\u_mem.$shl$rtl/pipeline_mem.sv:55$108: $auto$share.cc:977:make_cell_activation_logic$2177
      New cell: $auto$share.cc:667:make_supercell$2184 ($shl)
  Analyzing resource sharing options for $auto$share.cc:667:make_supercell$2184 ($shl):
    Found 2 activation_patterns using ctrl signal { $flatten\u_mem.$logic_and$rtl/pipeline_mem.sv:52$106_Y $flatten\u_mem.$procmux$1344_CMP $flatten\u_mem.$procmux$1362_CMP \u_ex_mem.out_alu_result [0] }.
    Found 1 candidates: $flatten\u_ex.\u_alu.$shl$rtl/alu.sv:26$166
    Analyzing resource sharing with $flatten\u_ex.\u_alu.$shl$rtl/alu.sv:26$166 ($shl):
      Found 1 activation_patterns using ctrl signal \u_id_ex.out_alu_op [7].
      Activation pattern for cell $auto$share.cc:667:make_supercell$2184: { $flatten\u_mem.$logic_and$rtl/pipeline_mem.sv:52$106_Y $flatten\u_mem.$procmux$1344_CMP \u_ex_mem.out_alu_result [0] } = 3'110
      Activation pattern for cell $auto$share.cc:667:make_supercell$2184: { $flatten\u_mem.$logic_and$rtl/pipeline_mem.sv:52$106_Y $flatten\u_mem.$procmux$1362_CMP } = 2'11
      Activation pattern for cell $flatten\u_ex.\u_alu.$shl$rtl/alu.sv:26$166: \u_id_ex.out_alu_op [7] = 1'1
      Size of SAT problem: 0 cells, 69 variables, 238 clauses
      According to the SAT solver this pair of cells can not be shared.
      Model from SAT solver: { $flatten\u_mem.$logic_and$rtl/pipeline_mem.sv:52$106_Y $flatten\u_mem.$procmux$1344_CMP $flatten\u_mem.$procmux$1362_CMP \u_ex_mem.out_alu_result [0] \u_id_ex.out_alu_op [7] } = 5'10101
  Analyzing resource sharing options for $flatten\u_id.\u_register_file.$memrd$\registers$rtl/register_file.sv:15$149 ($memrd):
    Found 1 activation_patterns using ctrl signal { $flatten\u_id.$logic_and$rtl/pipeline_id.sv:97$27_Y $flatten\u_id.\u_register_file.$eq$rtl/register_file.sv:15$148_Y }.
    Found 1 candidates: $flatten\u_id.\u_register_file.$memrd$\registers$rtl/register_file.sv:14$146
    Analyzing resource sharing with $flatten\u_id.\u_register_file.$memrd$\registers$rtl/register_file.sv:14$146 ($memrd):
      Found 1 activation_patterns using ctrl signal { $flatten\u_id.$logic_and$rtl/pipeline_id.sv:93$22_Y $flatten\u_id.\u_register_file.$eq$rtl/register_file.sv:14$145_Y }.
      Activation pattern for cell $flatten\u_id.\u_register_file.$memrd$\registers$rtl/register_file.sv:15$149: { $flatten\u_id.$logic_and$rtl/pipeline_id.sv:97$27_Y $flatten\u_id.\u_register_file.$eq$rtl/register_file.sv:15$148_Y } = 2'00
      Activation pattern for cell $flatten\u_id.\u_register_file.$memrd$\registers$rtl/register_file.sv:14$146: { $flatten\u_id.$logic_and$rtl/pipeline_id.sv:93$22_Y $flatten\u_id.\u_register_file.$eq$rtl/register_file.sv:14$145_Y } = 2'00
      Size of SAT problem: 0 cells, 107 variables, 265 clauses
      According to the SAT solver this pair of cells can not be shared.
      Model from SAT solver: { $flatten\u_id.$logic_and$rtl/pipeline_id.sv:93$22_Y $flatten\u_id.$logic_and$rtl/pipeline_id.sv:97$27_Y $flatten\u_id.\u_register_file.$eq$rtl/register_file.sv:15$148_Y $flatten\u_id.\u_register_file.$eq$rtl/register_file.sv:14$145_Y } = 4'0000
  Analyzing resource sharing options for $flatten\u_id.\u_register_file.$memrd$\registers$rtl/register_file.sv:14$146 ($memrd):
    Found 1 activation_patterns using ctrl signal { $flatten\u_id.$logic_and$rtl/pipeline_id.sv:93$22_Y $flatten\u_id.\u_register_file.$eq$rtl/register_file.sv:14$145_Y }.
    No candidates found.
  Analyzing resource sharing options for $flatten\u_ex.\u_alu.$sshr$rtl/alu.sv:28$168 ($sshr):
    Found 1 activation_patterns using ctrl signal \u_id_ex.out_alu_op [9].
    No candidates found.
  Analyzing resource sharing options for $flatten\u_ex.\u_alu.$shr$rtl/alu.sv:27$167 ($shr):
    Found 1 activation_patterns using ctrl signal \u_id_ex.out_alu_op [4].
    No candidates found.
  Analyzing resource sharing options for $flatten\u_ex.\u_alu.$shl$rtl/alu.sv:26$166 ($shl):
    Found 1 activation_patterns using ctrl signal \u_id_ex.out_alu_op [7].
    No candidates found.
Removing 2 cells in module rv32i_pipeline_core:
  Removing cell $flatten\u_mem.$shl$rtl/pipeline_mem.sv:55$108 ($shl).
  Removing cell $flatten\u_mem.$shl$rtl/pipeline_mem.sv:59$112 ($shl).

16.15. Executing OPT pass (performing simple optimizations).

16.15.1. Executing OPT_EXPR pass (perform const folding).
Optimizing module rv32i_pipeline_core.
<suppressed ~1 debug messages>

16.15.2. Executing OPT_MERGE pass (detect identical cells).
Finding identical cells in module `\rv32i_pipeline_core'.
<suppressed ~3 debug messages>
Removed a total of 1 cells.

16.15.3. Executing OPT_MUXTREE pass (detect dead branches in mux trees).
Running muxtree optimizer on module \rv32i_pipeline_core..
  Creating internal representation of mux trees.
  Evaluating internal representation of mux trees.
  Analyzing evaluation results.
Removed 0 multiplexer ports.
<suppressed ~38 debug messages>

16.15.4. Executing OPT_REDUCE pass (consolidate $*mux and $reduce_* inputs).
  Optimizing cells in module \rv32i_pipeline_core.
Performed a total of 0 changes.

16.15.5. Executing OPT_MERGE pass (detect identical cells).
Finding identical cells in module `\rv32i_pipeline_core'.
<suppressed ~9 debug messages>
Removed a total of 3 cells.

16.15.6. Executing OPT_DFF pass (perform DFF optimizations).

16.15.7. Executing OPT_CLEAN pass (remove unused cells and wires).
Finding unused cells or wires in module \rv32i_pipeline_core..
Removed 0 unused cells and 14 unused wires.
<suppressed ~2 debug messages>

16.15.8. Executing OPT_EXPR pass (perform const folding).
Optimizing module rv32i_pipeline_core.

16.15.9. Rerunning OPT passes. (Maybe there is more to do..)

16.15.10. Executing OPT_MUXTREE pass (detect dead branches in mux trees).
Running muxtree optimizer on module \rv32i_pipeline_core..
  Creating internal representation of mux trees.
  Evaluating internal representation of mux trees.
  Analyzing evaluation results.
Removed 0 multiplexer ports.
<suppressed ~38 debug messages>

16.15.11. Executing OPT_REDUCE pass (consolidate $*mux and $reduce_* inputs).
  Optimizing cells in module \rv32i_pipeline_core.
Performed a total of 0 changes.

16.15.12. Executing OPT_MERGE pass (detect identical cells).
Finding identical cells in module `\rv32i_pipeline_core'.
Removed a total of 0 cells.

16.15.13. Executing OPT_DFF pass (perform DFF optimizations).

16.15.14. Executing OPT_CLEAN pass (remove unused cells and wires).
Finding unused cells or wires in module \rv32i_pipeline_core..

16.15.15. Executing OPT_EXPR pass (perform const folding).
Optimizing module rv32i_pipeline_core.

16.15.16. Finished OPT passes. (There is nothing left to do.)

16.16. Executing MEMORY pass.

16.16.1. Executing OPT_MEM pass (optimize memories).
Performed a total of 0 transformations.

16.16.2. Executing OPT_MEM_PRIORITY pass (removing unnecessary memory write priority relations).
Performed a total of 0 transformations.

16.16.3. Executing OPT_MEM_FEEDBACK pass (finding memory read-to-write feedback paths).
  Analyzing rv32i_pipeline_core.u_id.u_register_file.registers write port 0.

16.16.4. Executing MEMORY_BMUX2ROM pass (converting muxes to ROMs).

16.16.5. Executing MEMORY_DFF pass (merging $dff cells to $memrd).
Checking read port `\u_id.u_register_file.registers'[0] in module `\rv32i_pipeline_core': FF found, but with a mux select that doesn't seem to correspond to transparency logic.
Checking read port `\u_id.u_register_file.registers'[1] in module `\rv32i_pipeline_core': FF found, but with a mux select that doesn't seem to correspond to transparency logic.
Checking read port address `\u_id.u_register_file.registers'[0] in module `\rv32i_pipeline_core': merged address FF to cell.
Checking read port address `\u_id.u_register_file.registers'[1] in module `\rv32i_pipeline_core': merged address FF to cell.

16.16.6. Executing OPT_CLEAN pass (remove unused cells and wires).
Finding unused cells or wires in module \rv32i_pipeline_core..

16.16.7. Executing MEMORY_SHARE pass (consolidating $memrd/$memwr cells).
Consolidating read ports of memory rv32i_pipeline_core.u_id.u_register_file.registers by address:

16.16.8. Executing OPT_MEM_WIDEN pass (optimize memories where all ports are wide).
Performed a total of 0 transformations.

16.16.9. Executing OPT_CLEAN pass (remove unused cells and wires).
Finding unused cells or wires in module \rv32i_pipeline_core..

16.16.10. Executing MEMORY_COLLECT pass (generating $mem cells).

16.17. Executing OPT_CLEAN pass (remove unused cells and wires).
Finding unused cells or wires in module \rv32i_pipeline_core..

16.18. Executing OPT pass (performing simple optimizations).

16.18.1. Executing OPT_EXPR pass (perform const folding).
Optimizing module rv32i_pipeline_core.
<suppressed ~172 debug messages>

16.18.2. Executing OPT_MERGE pass (detect identical cells).
Finding identical cells in module `\rv32i_pipeline_core'.
Removed a total of 0 cells.

16.18.3. Executing OPT_DFF pass (perform DFF optimizations).
Adding EN signal on $auto$ff.cc:266:slice$2096 ($sdffe) from module rv32i_pipeline_core (D = $flatten\u_frontend.$procmux$1750_Y [1:0], Q = \u_frontend.pc [1:0]).

16.18.4. Executing OPT_CLEAN pass (remove unused cells and wires).
Finding unused cells or wires in module \rv32i_pipeline_core..
Removed 3 unused cells and 15 unused wires.
<suppressed ~4 debug messages>

16.18.5. Rerunning OPT passes. (Removed registers in this run.)

16.18.6. Executing OPT_EXPR pass (perform const folding).
Optimizing module rv32i_pipeline_core.
<suppressed ~1 debug messages>

16.18.7. Executing OPT_MERGE pass (detect identical cells).
Finding identical cells in module `\rv32i_pipeline_core'.
Removed a total of 0 cells.

16.18.8. Executing OPT_DFF pass (perform DFF optimizations).

16.18.9. Executing OPT_CLEAN pass (remove unused cells and wires).
Finding unused cells or wires in module \rv32i_pipeline_core..
Removed 0 unused cells and 1 unused wires.
<suppressed ~1 debug messages>

16.18.10. Finished fast OPT passes.

16.19. Executing MEMORY_MAP pass (converting memories to logic and flip-flops).
Mapping memory \u_id.u_register_file.registers in module \rv32i_pipeline_core:
  created 32 $dff cells and 0 static cells of width 32.
Extracted addr FF from read port 0 of rv32i_pipeline_core.u_id.u_register_file.registers: $\u_id.u_register_file.registers$rdreg[0]
Extracted addr FF from read port 1 of rv32i_pipeline_core.u_id.u_register_file.registers: $\u_id.u_register_file.registers$rdreg[1]
  read interface: 2 $dff and 62 $mux cells.
  write interface: 32 write mux blocks.

16.20. Executing OPT pass (performing simple optimizations).

16.20.1. Executing OPT_EXPR pass (perform const folding).
Optimizing module rv32i_pipeline_core.
<suppressed ~10 debug messages>

16.20.2. Executing OPT_MERGE pass (detect identical cells).
Finding identical cells in module `\rv32i_pipeline_core'.
Removed a total of 0 cells.

16.20.3. Executing OPT_MUXTREE pass (detect dead branches in mux trees).
Running muxtree optimizer on module \rv32i_pipeline_core..
  Creating internal representation of mux trees.
  Evaluating internal representation of mux trees.
  Analyzing evaluation results.
Removed 0 multiplexer ports.
<suppressed ~58 debug messages>

16.20.4. Executing OPT_REDUCE pass (consolidate $*mux and $reduce_* inputs).
  Optimizing cells in module \rv32i_pipeline_core.
    Consolidated identical input bits for $mux cell $auto$share.cc:660:make_supercell$2181:
      Old ports: A=\u_ex_mem.out_store_data [15:0], B={ 8'00000000 \u_ex_mem.out_store_data [7:0] }, Y=$auto$share.cc:657:make_supercell$2179
      New ports: A=\u_ex_mem.out_store_data [15:8], B=8'00000000, Y=$auto$share.cc:657:make_supercell$2179 [15:8]
      New connections: $auto$share.cc:657:make_supercell$2179 [7:0] = \u_ex_mem.out_store_data [7:0]
    New ctrl vector for $pmux cell $flatten\u_id.\u_decoder.$procmux$1255: { $flatten\u_id.$procmux$1694_CMP $flatten\u_id.$procmux$1693_CMP $auto$opt_reduce.cc:134:opt_pmux$1843 $flatten\u_id.\u_decoder.$procmux$1233_CMP }
    Consolidated identical input bits for $mux cell $flatten\u_id.\u_decoder.$procmux$217:
      Old ports: A=2'00, B=2'11, Y=$flatten\u_id.\u_decoder.$7\result_src[1:0]
      New ports: A=1'0, B=1'1, Y=$flatten\u_id.\u_decoder.$7\result_src[1:0] [0]
      New connections: $flatten\u_id.\u_decoder.$7\result_src[1:0] [1] = $flatten\u_id.\u_decoder.$7\result_src[1:0] [0]
    Consolidated identical input bits for $mux cell $flatten\u_id.\u_decoder.$procmux$424:
      Old ports: A={ 1'0 $auto$wreduce.cc:461:run$2111 [1:0] }, B=3'010, Y=$flatten\u_id.\u_decoder.$15\imm_type[2:0]
      New ports: A=$auto$wreduce.cc:461:run$2111 [1:0], B=2'10, Y=$flatten\u_id.\u_decoder.$15\imm_type[2:0] [1:0]
      New connections: $flatten\u_id.\u_decoder.$15\imm_type[2:0] [2] = 1'0
    Consolidated identical input bits for $mux cell $flatten\u_id.\u_decoder.$procmux$464:
      Old ports: A=2'00, B=2'10, Y=$auto$wreduce.cc:461:run$2111 [1:0]
      New ports: A=1'0, B=1'1, Y=$auto$wreduce.cc:461:run$2111 [1]
      New connections: $auto$wreduce.cc:461:run$2111 [0] = 1'0
    Consolidated identical input bits for $mux cell $flatten\u_id.\u_decoder.$procmux$496:
      Old ports: A={ 2'00 $auto$wreduce.cc:461:run$2110 [0] }, B=3'001, Y=$flatten\u_id.\u_decoder.$13\imm_type[2:0]
      New ports: A=$auto$wreduce.cc:461:run$2110 [0], B=1'1, Y=$flatten\u_id.\u_decoder.$13\imm_type[2:0] [0]
      New connections: $flatten\u_id.\u_decoder.$13\imm_type[2:0] [2:1] = 2'00
    Consolidated identical input bits for $mux cell $flatten\u_id.\u_decoder.$procmux$821:
      Old ports: A={ 1'0 $auto$wreduce.cc:461:run$2109 [0] }, B=2'01, Y=$flatten\u_id.\u_decoder.$3\result_src[1:0]
      New ports: A=$auto$wreduce.cc:461:run$2109 [0], B=1'1, Y=$flatten\u_id.\u_decoder.$3\result_src[1:0] [0]
      New connections: $flatten\u_id.\u_decoder.$3\result_src[1:0] [1] = 1'0
    Consolidated identical input bits for $mux cell $flatten\u_mem.$procmux$1322:
      Old ports: A=4'0000, B=4'1111, Y=$flatten\u_mem.$4\data_write_strb[3:0]
      New ports: A=1'0, B=1'1, Y=$flatten\u_mem.$4\data_write_strb[3:0] [0]
      New connections: $flatten\u_mem.$4\data_write_strb[3:0] [3:1] = { $flatten\u_mem.$4\data_write_strb[3:0] [0] $flatten\u_mem.$4\data_write_strb[3:0] [0] $flatten\u_mem.$4\data_write_strb[3:0] [0] }
    Consolidated identical input bits for $mux cell $flatten\u_mem.$procmux$1405:
      Old ports: A={ \u_mem.selected_half [15] \u_mem.selected_half [15] \u_mem.selected_half [15] \u_mem.selected_half [15] \u_mem.selected_half [15] \u_mem.selected_half [15] \u_mem.selected_half [15] \u_mem.selected_half [15] \u_mem.selected_half [15] \u_mem.selected_half [15] \u_mem.selected_half [15] \u_mem.selected_half [15] \u_mem.selected_half [15] \u_mem.selected_half [15] \u_mem.selected_half [15] \u_mem.selected_half [15] \u_mem.selected_half }, B=0, Y=$flatten\u_mem.$3\out_load_data[31:0]
      New ports: A=\u_mem.selected_half, B=16'0000000000000000, Y=$flatten\u_mem.$3\out_load_data[31:0] [15:0]
      New connections: $flatten\u_mem.$3\out_load_data[31:0] [31:16] = { $flatten\u_mem.$3\out_load_data[31:0] [15] $flatten\u_mem.$3\out_load_data[31:0] [15] $flatten\u_mem.$3\out_load_data[31:0] [15] $flatten\u_mem.$3\out_load_data[31:0] [15] $flatten\u_mem.$3\out_load_data[31:0] [15] $flatten\u_mem.$3\out_load_data[31:0] [15] $flatten\u_mem.$3\out_load_data[31:0] [15] $flatten\u_mem.$3\out_load_data[31:0] [15] $flatten\u_mem.$3\out_load_data[31:0] [15] $flatten\u_mem.$3\out_load_data[31:0] [15] $flatten\u_mem.$3\out_load_data[31:0] [15] $flatten\u_mem.$3\out_load_data[31:0] [15] $flatten\u_mem.$3\out_load_data[31:0] [15] $flatten\u_mem.$3\out_load_data[31:0] [15] $flatten\u_mem.$3\out_load_data[31:0] [15] $flatten\u_mem.$3\out_load_data[31:0] [15] }
  Optimizing cells in module \rv32i_pipeline_core.
    Consolidated identical input bits for $mux cell $flatten\u_id.\u_decoder.$procmux$384:
      Old ports: A=$flatten\u_id.\u_decoder.$15\imm_type[2:0], B=3'010, Y=$flatten\u_id.\u_decoder.$16\imm_type[2:0]
      New ports: A=$flatten\u_id.\u_decoder.$15\imm_type[2:0] [1:0], B=2'10, Y=$flatten\u_id.\u_decoder.$16\imm_type[2:0] [1:0]
      New connections: $flatten\u_id.\u_decoder.$16\imm_type[2:0] [2] = 1'0
    Consolidated identical input bits for $mux cell $flatten\u_id.\u_decoder.$procmux$424:
      Old ports: A=$auto$wreduce.cc:461:run$2111 [1:0], B=2'10, Y=$flatten\u_id.\u_decoder.$15\imm_type[2:0] [1:0]
      New ports: A=$auto$wreduce.cc:461:run$2111 [1], B=1'1, Y=$flatten\u_id.\u_decoder.$15\imm_type[2:0] [1]
      New connections: $flatten\u_id.\u_decoder.$15\imm_type[2:0] [0] = 1'0
    Consolidated identical input bits for $mux cell $flatten\u_id.\u_decoder.$procmux$761:
      Old ports: A=$flatten\u_id.\u_decoder.$3\result_src[1:0], B=2'01, Y=$flatten\u_id.\u_decoder.$4\result_src[1:0]
      New ports: A=$flatten\u_id.\u_decoder.$3\result_src[1:0] [0], B=1'1, Y=$flatten\u_id.\u_decoder.$4\result_src[1:0] [0]
      New connections: $flatten\u_id.\u_decoder.$4\result_src[1:0] [1] = 1'0
  Optimizing cells in module \rv32i_pipeline_core.
    Consolidated identical input bits for $mux cell $flatten\u_id.\u_decoder.$procmux$344:
      Old ports: A=$flatten\u_id.\u_decoder.$16\imm_type[2:0], B=3'010, Y=$flatten\u_id.\u_decoder.$17\imm_type[2:0]
      New ports: A=$flatten\u_id.\u_decoder.$16\imm_type[2:0] [1:0], B=2'10, Y=$flatten\u_id.\u_decoder.$17\imm_type[2:0] [1:0]
      New connections: $flatten\u_id.\u_decoder.$17\imm_type[2:0] [2] = 1'0
    Consolidated identical input bits for $mux cell $flatten\u_id.\u_decoder.$procmux$384:
      Old ports: A=$flatten\u_id.\u_decoder.$15\imm_type[2:0] [1:0], B=2'10, Y=$flatten\u_id.\u_decoder.$16\imm_type[2:0] [1:0]
      New ports: A=$flatten\u_id.\u_decoder.$15\imm_type[2:0] [1], B=1'1, Y=$flatten\u_id.\u_decoder.$16\imm_type[2:0] [1]
      New connections: $flatten\u_id.\u_decoder.$16\imm_type[2:0] [0] = 1'0
    Consolidated identical input bits for $mux cell $flatten\u_id.\u_decoder.$procmux$701:
      Old ports: A=$flatten\u_id.\u_decoder.$4\result_src[1:0], B=2'01, Y=$flatten\u_id.\u_decoder.$5\result_src[1:0]
      New ports: A=$flatten\u_id.\u_decoder.$4\result_src[1:0] [0], B=1'1, Y=$flatten\u_id.\u_decoder.$5\result_src[1:0] [0]
      New connections: $flatten\u_id.\u_decoder.$5\result_src[1:0] [1] = 1'0
  Optimizing cells in module \rv32i_pipeline_core.
    Consolidated identical input bits for $mux cell $flatten\u_id.\u_decoder.$procmux$304:
      Old ports: A=$flatten\u_id.\u_decoder.$17\imm_type[2:0], B=3'010, Y=$flatten\u_id.\u_decoder.$18\imm_type[2:0]
      New ports: A=$flatten\u_id.\u_decoder.$17\imm_type[2:0] [1:0], B=2'10, Y=$flatten\u_id.\u_decoder.$18\imm_type[2:0] [1:0]
      New connections: $flatten\u_id.\u_decoder.$18\imm_type[2:0] [2] = 1'0
    Consolidated identical input bits for $mux cell $flatten\u_id.\u_decoder.$procmux$344:
      Old ports: A=$flatten\u_id.\u_decoder.$16\imm_type[2:0] [1:0], B=2'10, Y=$flatten\u_id.\u_decoder.$17\imm_type[2:0] [1:0]
      New ports: A=$flatten\u_id.\u_decoder.$16\imm_type[2:0] [1], B=1'1, Y=$flatten\u_id.\u_decoder.$17\imm_type[2:0] [1]
      New connections: $flatten\u_id.\u_decoder.$17\imm_type[2:0] [0] = 1'0
    Consolidated identical input bits for $mux cell $flatten\u_id.\u_decoder.$procmux$641:
      Old ports: A=$flatten\u_id.\u_decoder.$5\result_src[1:0], B=2'01, Y=$flatten\u_id.\u_decoder.$6\result_src[1:0]
      New ports: A=$flatten\u_id.\u_decoder.$5\result_src[1:0] [0], B=1'1, Y=$flatten\u_id.\u_decoder.$6\result_src[1:0] [0]
      New connections: $flatten\u_id.\u_decoder.$6\result_src[1:0] [1] = 1'0
  Optimizing cells in module \rv32i_pipeline_core.
    Consolidated identical input bits for $mux cell $flatten\u_id.\u_decoder.$procmux$264:
      Old ports: A=$flatten\u_id.\u_decoder.$18\imm_type[2:0], B=3'010, Y=$flatten\u_id.\u_decoder.$19\imm_type[2:0]
      New ports: A=$flatten\u_id.\u_decoder.$18\imm_type[2:0] [1:0], B=2'10, Y=$flatten\u_id.\u_decoder.$19\imm_type[2:0] [1:0]
      New connections: $flatten\u_id.\u_decoder.$19\imm_type[2:0] [2] = 1'0
    Consolidated identical input bits for $mux cell $flatten\u_id.\u_decoder.$procmux$304:
      Old ports: A=$flatten\u_id.\u_decoder.$17\imm_type[2:0] [1:0], B=2'10, Y=$flatten\u_id.\u_decoder.$18\imm_type[2:0] [1:0]
      New ports: A=$flatten\u_id.\u_decoder.$17\imm_type[2:0] [1], B=1'1, Y=$flatten\u_id.\u_decoder.$18\imm_type[2:0] [1]
      New connections: $flatten\u_id.\u_decoder.$18\imm_type[2:0] [0] = 1'0
  Optimizing cells in module \rv32i_pipeline_core.
    Consolidated identical input bits for $mux cell $flatten\u_id.\u_decoder.$procmux$264:
      Old ports: A=$flatten\u_id.\u_decoder.$18\imm_type[2:0] [1:0], B=2'10, Y=$flatten\u_id.\u_decoder.$19\imm_type[2:0] [1:0]
      New ports: A=$flatten\u_id.\u_decoder.$18\imm_type[2:0] [1], B=1'1, Y=$flatten\u_id.\u_decoder.$19\imm_type[2:0] [1]
      New connections: $flatten\u_id.\u_decoder.$19\imm_type[2:0] [0] = 1'0
  Optimizing cells in module \rv32i_pipeline_core.
Performed a total of 21 changes.

16.20.5. Executing OPT_MERGE pass (detect identical cells).
Finding identical cells in module `\rv32i_pipeline_core'.
<suppressed ~6 debug messages>
Removed a total of 2 cells.

16.20.6. Executing OPT_SHARE pass.

16.20.7. Executing OPT_DFF pass (perform DFF optimizations).
Adding SRST signal on $\u_id.u_register_file.registers$rdreg[0] ($dff) from module rv32i_pipeline_core (D = $auto$rtlil.cc:2498:Mux$2191, Q = $\u_id.u_register_file.registers$rdreg[0]$q, rval = 5'00000).
Adding SRST signal on $\u_id.u_register_file.registers$rdreg[1] ($dff) from module rv32i_pipeline_core (D = $auto$rtlil.cc:2498:Mux$2196, Q = $\u_id.u_register_file.registers$rdreg[1]$q, rval = 5'00000).

16.20.8. Executing OPT_CLEAN pass (remove unused cells and wires).
Finding unused cells or wires in module \rv32i_pipeline_core..
Removed 2 unused cells and 105 unused wires.
<suppressed ~3 debug messages>

16.20.9. Executing OPT_EXPR pass (perform const folding).
Optimizing module rv32i_pipeline_core.
<suppressed ~12 debug messages>

16.20.10. Rerunning OPT passes. (Maybe there is more to do..)

16.20.11. Executing OPT_MUXTREE pass (detect dead branches in mux trees).
Running muxtree optimizer on module \rv32i_pipeline_core..
  Creating internal representation of mux trees.
  Evaluating internal representation of mux trees.
  Analyzing evaluation results.
Removed 0 multiplexer ports.
<suppressed ~57 debug messages>

16.20.12. Executing OPT_REDUCE pass (consolidate $*mux and $reduce_* inputs).
  Optimizing cells in module \rv32i_pipeline_core.
Performed a total of 0 changes.

16.20.13. Executing OPT_MERGE pass (detect identical cells).
Finding identical cells in module `\rv32i_pipeline_core'.
<suppressed ~30 debug messages>
Removed a total of 10 cells.

16.20.14. Executing OPT_SHARE pass.

16.20.15. Executing OPT_DFF pass (perform DFF optimizations).
Adding EN signal on $memory\u_id.u_register_file.registers[9]$2223 ($dff) from module rv32i_pipeline_core (D = \u_ex.fwd_mem_wb_data, Q = \u_id.u_register_file.registers[9]).
Adding EN signal on $memory\u_id.u_register_file.registers[8]$2221 ($dff) from module rv32i_pipeline_core (D = \u_ex.fwd_mem_wb_data, Q = \u_id.u_register_file.registers[8]).
Adding EN signal on $memory\u_id.u_register_file.registers[7]$2219 ($dff) from module rv32i_pipeline_core (D = \u_ex.fwd_mem_wb_data, Q = \u_id.u_register_file.registers[7]).
Adding EN signal on $memory\u_id.u_register_file.registers[6]$2217 ($dff) from module rv32i_pipeline_core (D = \u_ex.fwd_mem_wb_data, Q = \u_id.u_register_file.registers[6]).
Adding EN signal on $memory\u_id.u_register_file.registers[5]$2215 ($dff) from module rv32i_pipeline_core (D = \u_ex.fwd_mem_wb_data, Q = \u_id.u_register_file.registers[5]).
Adding EN signal on $memory\u_id.u_register_file.registers[4]$2213 ($dff) from module rv32i_pipeline_core (D = \u_ex.fwd_mem_wb_data, Q = \u_id.u_register_file.registers[4]).
Adding EN signal on $memory\u_id.u_register_file.registers[3]$2211 ($dff) from module rv32i_pipeline_core (D = \u_ex.fwd_mem_wb_data, Q = \u_id.u_register_file.registers[3]).
Adding EN signal on $memory\u_id.u_register_file.registers[31]$2267 ($dff) from module rv32i_pipeline_core (D = \u_ex.fwd_mem_wb_data, Q = \u_id.u_register_file.registers[31]).
Adding EN signal on $memory\u_id.u_register_file.registers[30]$2265 ($dff) from module rv32i_pipeline_core (D = \u_ex.fwd_mem_wb_data, Q = \u_id.u_register_file.registers[30]).
Adding EN signal on $memory\u_id.u_register_file.registers[2]$2209 ($dff) from module rv32i_pipeline_core (D = \u_ex.fwd_mem_wb_data, Q = \u_id.u_register_file.registers[2]).
Adding EN signal on $memory\u_id.u_register_file.registers[29]$2263 ($dff) from module rv32i_pipeline_core (D = \u_ex.fwd_mem_wb_data, Q = \u_id.u_register_file.registers[29]).
Adding EN signal on $memory\u_id.u_register_file.registers[28]$2261 ($dff) from module rv32i_pipeline_core (D = \u_ex.fwd_mem_wb_data, Q = \u_id.u_register_file.registers[28]).
Adding EN signal on $memory\u_id.u_register_file.registers[27]$2259 ($dff) from module rv32i_pipeline_core (D = \u_ex.fwd_mem_wb_data, Q = \u_id.u_register_file.registers[27]).
Adding EN signal on $memory\u_id.u_register_file.registers[26]$2257 ($dff) from module rv32i_pipeline_core (D = \u_ex.fwd_mem_wb_data, Q = \u_id.u_register_file.registers[26]).
Adding EN signal on $memory\u_id.u_register_file.registers[25]$2255 ($dff) from module rv32i_pipeline_core (D = \u_ex.fwd_mem_wb_data, Q = \u_id.u_register_file.registers[25]).
Adding EN signal on $memory\u_id.u_register_file.registers[24]$2253 ($dff) from module rv32i_pipeline_core (D = \u_ex.fwd_mem_wb_data, Q = \u_id.u_register_file.registers[24]).
Adding EN signal on $memory\u_id.u_register_file.registers[23]$2251 ($dff) from module rv32i_pipeline_core (D = \u_ex.fwd_mem_wb_data, Q = \u_id.u_register_file.registers[23]).
Adding EN signal on $memory\u_id.u_register_file.registers[22]$2249 ($dff) from module rv32i_pipeline_core (D = \u_ex.fwd_mem_wb_data, Q = \u_id.u_register_file.registers[22]).
Adding EN signal on $memory\u_id.u_register_file.registers[21]$2247 ($dff) from module rv32i_pipeline_core (D = \u_ex.fwd_mem_wb_data, Q = \u_id.u_register_file.registers[21]).
Adding EN signal on $memory\u_id.u_register_file.registers[20]$2245 ($dff) from module rv32i_pipeline_core (D = \u_ex.fwd_mem_wb_data, Q = \u_id.u_register_file.registers[20]).
Adding EN signal on $memory\u_id.u_register_file.registers[1]$2207 ($dff) from module rv32i_pipeline_core (D = \u_ex.fwd_mem_wb_data, Q = \u_id.u_register_file.registers[1]).
Adding EN signal on $memory\u_id.u_register_file.registers[19]$2243 ($dff) from module rv32i_pipeline_core (D = \u_ex.fwd_mem_wb_data, Q = \u_id.u_register_file.registers[19]).
Adding EN signal on $memory\u_id.u_register_file.registers[18]$2241 ($dff) from module rv32i_pipeline_core (D = \u_ex.fwd_mem_wb_data, Q = \u_id.u_register_file.registers[18]).
Adding EN signal on $memory\u_id.u_register_file.registers[17]$2239 ($dff) from module rv32i_pipeline_core (D = \u_ex.fwd_mem_wb_data, Q = \u_id.u_register_file.registers[17]).
Adding EN signal on $memory\u_id.u_register_file.registers[16]$2237 ($dff) from module rv32i_pipeline_core (D = \u_ex.fwd_mem_wb_data, Q = \u_id.u_register_file.registers[16]).
Adding EN signal on $memory\u_id.u_register_file.registers[15]$2235 ($dff) from module rv32i_pipeline_core (D = \u_ex.fwd_mem_wb_data, Q = \u_id.u_register_file.registers[15]).
Adding EN signal on $memory\u_id.u_register_file.registers[14]$2233 ($dff) from module rv32i_pipeline_core (D = \u_ex.fwd_mem_wb_data, Q = \u_id.u_register_file.registers[14]).
Adding EN signal on $memory\u_id.u_register_file.registers[13]$2231 ($dff) from module rv32i_pipeline_core (D = \u_ex.fwd_mem_wb_data, Q = \u_id.u_register_file.registers[13]).
Adding EN signal on $memory\u_id.u_register_file.registers[12]$2229 ($dff) from module rv32i_pipeline_core (D = \u_ex.fwd_mem_wb_data, Q = \u_id.u_register_file.registers[12]).
Adding EN signal on $memory\u_id.u_register_file.registers[11]$2227 ($dff) from module rv32i_pipeline_core (D = \u_ex.fwd_mem_wb_data, Q = \u_id.u_register_file.registers[11]).
Adding EN signal on $memory\u_id.u_register_file.registers[10]$2225 ($dff) from module rv32i_pipeline_core (D = \u_ex.fwd_mem_wb_data, Q = \u_id.u_register_file.registers[10]).
Adding EN signal on $memory\u_id.u_register_file.registers[0]$2205 ($dff) from module rv32i_pipeline_core (D = \u_ex.fwd_mem_wb_data, Q = \u_id.u_register_file.registers[0]).

16.20.16. Executing OPT_CLEAN pass (remove unused cells and wires).
Finding unused cells or wires in module \rv32i_pipeline_core..
Removed 32 unused cells and 44 unused wires.
<suppressed ~33 debug messages>

16.20.17. Executing OPT_EXPR pass (perform const folding).
Optimizing module rv32i_pipeline_core.

16.20.18. Rerunning OPT passes. (Maybe there is more to do..)

16.20.19. Executing OPT_MUXTREE pass (detect dead branches in mux trees).
Running muxtree optimizer on module \rv32i_pipeline_core..
  Creating internal representation of mux trees.
  Evaluating internal representation of mux trees.
  Analyzing evaluation results.
Removed 0 multiplexer ports.
<suppressed ~25 debug messages>

16.20.20. Executing OPT_REDUCE pass (consolidate $*mux and $reduce_* inputs).
  Optimizing cells in module \rv32i_pipeline_core.
Performed a total of 0 changes.

16.20.21. Executing OPT_MERGE pass (detect identical cells).
Finding identical cells in module `\rv32i_pipeline_core'.
Removed a total of 0 cells.

16.20.22. Executing OPT_SHARE pass.

16.20.23. Executing OPT_DFF pass (perform DFF optimizations).

16.20.24. Executing OPT_CLEAN pass (remove unused cells and wires).
Finding unused cells or wires in module \rv32i_pipeline_core..

16.20.25. Executing OPT_EXPR pass (perform const folding).
Optimizing module rv32i_pipeline_core.

16.20.26. Finished OPT passes. (There is nothing left to do.)

16.21. Executing TECHMAP pass (map to technology primitives).

16.21.1. Executing Verilog-2005 frontend: /usr/bin/../share/yosys/techmap.v
Parsing Verilog input from `/usr/bin/../share/yosys/techmap.v' to AST representation.
Generating RTLIL representation for module `\_90_simplemap_bool_ops'.
Generating RTLIL representation for module `\_90_simplemap_reduce_ops'.
Generating RTLIL representation for module `\_90_simplemap_logic_ops'.
Generating RTLIL representation for module `\_90_simplemap_compare_ops'.
Generating RTLIL representation for module `\_90_simplemap_various'.
Generating RTLIL representation for module `\_90_simplemap_registers'.
Generating RTLIL representation for module `\_90_shift_ops_shr_shl_sshl_sshr'.
Generating RTLIL representation for module `\_90_shift_shiftx'.
Generating RTLIL representation for module `\_90_fa'.
Generating RTLIL representation for module `\_90_lcu'.
Generating RTLIL representation for module `\_90_alu'.
Generating RTLIL representation for module `\_90_macc'.
Generating RTLIL representation for module `\_90_alumacc'.
Generating RTLIL representation for module `\$__div_mod_u'.
Generating RTLIL representation for module `\$__div_mod_trunc'.
Generating RTLIL representation for module `\_90_div'.
Generating RTLIL representation for module `\_90_mod'.
Generating RTLIL representation for module `\$__div_mod_floor'.
Generating RTLIL representation for module `\_90_divfloor'.
Generating RTLIL representation for module `\_90_modfloor'.
Generating RTLIL representation for module `\_90_pow'.
Generating RTLIL representation for module `\_90_pmux'.
Generating RTLIL representation for module `\_90_demux'.
Generating RTLIL representation for module `\_90_lut'.
Successfully finished Verilog frontend.

16.21.2. Continuing TECHMAP pass.
Using extmapper simplemap for cells of type $mux.
Using extmapper simplemap for cells of type $and.
Using extmapper simplemap for cells of type $dffe.
Using template $paramod$6a42b6fefed750f8a1c58eab59479d960557103c\_90_alu for cells of type $alu.
Using template $paramod$fbc7873bff55778c0b3173955b7e4bce1d9d6834\_90_alu for cells of type $alu.
Using extmapper simplemap for cells of type $eq.
Using template $paramod$54d740639e1393b22262823179ff783ea9f17a35\_90_pmux for cells of type $pmux.
Using extmapper simplemap for cells of type $logic_not.
Using extmapper simplemap for cells of type $sdff.
Using extmapper simplemap for cells of type $sdffe.
Using extmapper simplemap for cells of type $dff.
Using extmapper simplemap for cells of type $reduce_or.
Using extmapper simplemap for cells of type $not.
Using extmapper simplemap for cells of type $xor.
Using template $paramod$constmap:2f1cfdb71eac2ba32be37dec8237acaa42df5ff5$paramod$5a9c0e617ec487dee3f9f3980f769013716e1075\_90_shift_ops_shr_shl_sshl_sshr for cells of type $shl.
Using extmapper simplemap for cells of type $reduce_and.
Using extmapper simplemap for cells of type $or.
Using extmapper simplemap for cells of type $ne.
Using extmapper simplemap for cells of type $logic_and.
Using template $paramod$59b03ae2620a41577de8da5f5c97b2919e82362b\_90_pmux for cells of type $pmux.
Using template $paramod$c5c783b17ab1d780abfad8cfe6563a0a7b47a3b0\_90_pmux for cells of type $pmux.
Using template $paramod$2407ada40cc3dda6c6015be2b49b748cddb5a800\_90_pmux for cells of type $pmux.
Using template $paramod$d31bf4d7d72e59528d18fbd4f322e9d608532043\_90_pmux for cells of type $pmux.
Using template $paramod$068ad458e7761d78e5eed8238508872e7b0aef95\_90_pmux for cells of type $pmux.
Using extmapper simplemap for cells of type $reduce_bool.
Using extmapper simplemap for cells of type $logic_or.
Using template $paramod$constmap:4621fcf06a436d1e2a4080e2ed9866a7d07a6e07$paramod$335cfd09f1afa8139c4aafcbbe5f361887b79c5e\_90_shift_ops_shr_shl_sshl_sshr for cells of type $shl.
Using template $paramod$constmap:4621fcf06a436d1e2a4080e2ed9866a7d07a6e07$paramod$feecc7a0dbd012970970f2858f15e786e251f677\_90_shift_ops_shr_shl_sshl_sshr for cells of type $shr.
Using template $paramod$constmap:4621fcf06a436d1e2a4080e2ed9866a7d07a6e07$paramod$e765c459d3029c22a22a27989e94858fd9ebfa9c\_90_shift_ops_shr_shl_sshl_sshr for cells of type $sshr.
Using template $paramod$44a13d10af618e7fbe7b9aad2f6151ffcee1e2fa\_90_alu for cells of type $alu.
Using template $paramod$104d3d1e82b09b030a785dad8a5e608a6d4401f7\_90_pmux for cells of type $pmux.
Using template $paramod$eaeb96106163dbf82031649d189817109fe07c69\_90_pmux for cells of type $pmux.
Using template $paramod$2653f68ddb8eab7b1907b4a20767b72a824a7a36\_90_alu for cells of type $alu.
Using template $paramod$constmap:37b3cc4e06391b7a7ef418215dc52e2abb59f048$paramod$282e2f6c0b1116d84b8f8102ddacd7ff760b6794\_90_shift_shiftx for cells of type $shiftx.
Using template $paramod$constmap:66d421c313e4e958be776b99540ac2de3b59fdbc$paramod$77562a466236eb4a6d905351a0995599b75075cb\_90_shift_ops_shr_shl_sshl_sshr for cells of type $shl.
Using template $paramod$c2e415ef15bc3ccd2723772353a6b450d3d76206\_90_pmux for cells of type $pmux.
Using template $paramod$constmap:7ad8fbc46f703f685a088264bc000efc3b6130e2$paramod$cbc044d1bfac1f26bafb5691fcbb649e98f6b6fc\_90_shift_ops_shr_shl_sshl_sshr for cells of type $shl.
Using template $paramod\_90_lcu\WIDTH=32'00000000000000000000000000100000 for cells of type $lcu.
Using extmapper simplemap for cells of type $pos.
Using template $paramod\_90_lcu\WIDTH=32'00000000000000000000000000011110 for cells of type $lcu.
No more expansions possible.
<suppressed ~4828 debug messages>

16.22. Executing OPT pass (performing simple optimizations).

16.22.1. Executing OPT_EXPR pass (perform const folding).
Optimizing module rv32i_pipeline_core.
<suppressed ~1683 debug messages>

16.22.2. Executing OPT_MERGE pass (detect identical cells).
Finding identical cells in module `\rv32i_pipeline_core'.
<suppressed ~3645 debug messages>
Removed a total of 1215 cells.

16.22.3. Executing OPT_DFF pass (perform DFF optimizations).

16.22.4. Executing OPT_CLEAN pass (remove unused cells and wires).
Finding unused cells or wires in module \rv32i_pipeline_core..
Removed 316 unused cells and 2098 unused wires.
<suppressed ~317 debug messages>

16.22.5. Finished fast OPT passes.

16.23. Executing ABC pass (technology mapping using ABC).

16.23.1. Extracting gate netlist of module `\rv32i_pipeline_core' to `<abc-temp-dir>/input.blif'..
Extracted 6788 gates and 8444 wires to a netlist network with 1653 inputs and 481 outputs.

16.23.1.1. Executing ABC.
Running ABC command: "<yosys-exe-dir>/yosys-abc" -s -f <abc-temp-dir>/abc.script 2>&1
ABC: ABC command line: "source <abc-temp-dir>/abc.script".
ABC: 
ABC: + read_blif <abc-temp-dir>/input.blif 
ABC: + read_library <abc-temp-dir>/stdcells.genlib 
ABC: Entered genlib library with 13 gates from file "<abc-temp-dir>/stdcells.genlib".
ABC: + strash 
ABC: + dretime 
ABC: + map 
ABC: + write_blif <abc-temp-dir>/output.blif 

16.23.1.2. Re-integrating ABC results.
ABC RESULTS:              XNOR cells:       80
ABC RESULTS:               MUX cells:     2783
ABC RESULTS:               NOR cells:      219
ABC RESULTS:               NOT cells:      261
ABC RESULTS:              NAND cells:      192
ABC RESULTS:               AND cells:      160
ABC RESULTS:               XOR cells:      304
ABC RESULTS:             ORNOT cells:      295
ABC RESULTS:                OR cells:      849
ABC RESULTS:            ANDNOT cells:     1741
ABC RESULTS:        internal signals:     6310
ABC RESULTS:           input signals:     1653
ABC RESULTS:          output signals:      481
Removing temp directory.

16.24. Executing OPT pass (performing simple optimizations).

16.24.1. Executing OPT_EXPR pass (perform const folding).
Optimizing module rv32i_pipeline_core.
<suppressed ~999 debug messages>

16.24.2. Executing OPT_MERGE pass (detect identical cells).
Finding identical cells in module `\rv32i_pipeline_core'.
<suppressed ~15 debug messages>
Removed a total of 5 cells.

16.24.3. Executing OPT_DFF pass (perform DFF optimizations).

16.24.4. Executing OPT_CLEAN pass (remove unused cells and wires).
Finding unused cells or wires in module \rv32i_pipeline_core..
Removed 9 unused cells and 3525 unused wires.
<suppressed ~30 debug messages>

16.24.5. Finished fast OPT passes.

16.25. Executing HIERARCHY pass (managing design hierarchy).

16.25.1. Analyzing design hierarchy..
Top module:  \rv32i_pipeline_core

16.25.2. Analyzing design hierarchy..
Top module:  \rv32i_pipeline_core
Removed 0 unused modules.

16.26. Printing statistics.

=== rv32i_pipeline_core ===

   Number of wires:               6882
   Number of wire bits:          12150
   Number of public wires:         381
   Number of public wire bits:    5417
   Number of memories:               0
   Number of memory bits:            0
   Number of processes:              0
   Number of cells:               8637
     $_ANDNOT_                    1738
     $_AND_                        160
     $_DFFE_PP_                   1024
     $_DFF_P_                       18
     $_MUX_                       2783
     $_NAND_                       192
     $_NOR_                        219
     $_NOT_                        252
     $_ORNOT_                      294
     $_OR_                         848
     $_SDFFE_PP0N_                  95
     $_SDFFE_PP0P_                  64
     $_SDFF_PP0_                   566
     $_XNOR_                        80
     $_XOR_                        304

16.27. Executing CHECK pass (checking for obvious problems).
Checking module rv32i_pipeline_core...
Found and reported 0 problems.

17. Executing DFFLIBMAP pass (mapping DFF cells to sequential cells from liberty file).
Warning: Found unsupported expression 'SE*SI+D*!SE' in pin attribute of cell 'SDFFRS_X1' - skipping.
Warning: Found unsupported expression 'SE*SI+D*!SE' in pin attribute of cell 'SDFFRS_X2' - skipping.
Warning: Found unsupported expression 'SE*SI+D*!SE' in pin attribute of cell 'SDFFR_X1' - skipping.
Warning: Found unsupported expression 'SE*SI+D*!SE' in pin attribute of cell 'SDFFR_X2' - skipping.
Warning: Found unsupported expression 'SE*SI+D*!SE' in pin attribute of cell 'SDFFS_X1' - skipping.
Warning: Found unsupported expression 'SE*SI+D*!SE' in pin attribute of cell 'SDFFS_X2' - skipping.
Warning: Found unsupported expression 'SE*SI+D*!SE' in pin attribute of cell 'SDFF_X1' - skipping.
Warning: Found unsupported expression 'SE*SI+D*!SE' in pin attribute of cell 'SDFF_X2' - skipping.
  cell DFF_X1 (noninv, pins=4, area=4.52) is a direct match for cell type $_DFF_P_.
Warning: Found unsupported expression 'SE*SI+D*!SE' in pin attribute of cell 'SDFFRS_X1' - skipping.
Warning: Found unsupported expression 'SE*SI+D*!SE' in pin attribute of cell 'SDFFRS_X2' - skipping.
Warning: Found unsupported expression 'SE*SI+D*!SE' in pin attribute of cell 'SDFFR_X1' - skipping.
Warning: Found unsupported expression 'SE*SI+D*!SE' in pin attribute of cell 'SDFFR_X2' - skipping.
Warning: Found unsupported expression 'SE*SI+D*!SE' in pin attribute of cell 'SDFFS_X1' - skipping.
Warning: Found unsupported expression 'SE*SI+D*!SE' in pin attribute of cell 'SDFFS_X2' - skipping.
Warning: Found unsupported expression 'SE*SI+D*!SE' in pin attribute of cell 'SDFF_X1' - skipping.
Warning: Found unsupported expression 'SE*SI+D*!SE' in pin attribute of cell 'SDFF_X2' - skipping.
  cell DFFR_X1 (noninv, pins=5, area=5.32) is a direct match for cell type $_DFF_PN0_.
Warning: Found unsupported expression 'SE*SI+D*!SE' in pin attribute of cell 'SDFFRS_X1' - skipping.
Warning: Found unsupported expression 'SE*SI+D*!SE' in pin attribute of cell 'SDFFRS_X2' - skipping.
Warning: Found unsupported expression 'SE*SI+D*!SE' in pin attribute of cell 'SDFFR_X1' - skipping.
Warning: Found unsupported expression 'SE*SI+D*!SE' in pin attribute of cell 'SDFFR_X2' - skipping.
Warning: Found unsupported expression 'SE*SI+D*!SE' in pin attribute of cell 'SDFFS_X1' - skipping.
Warning: Found unsupported expression 'SE*SI+D*!SE' in pin attribute of cell 'SDFFS_X2' - skipping.
Warning: Found unsupported expression 'SE*SI+D*!SE' in pin attribute of cell 'SDFF_X1' - skipping.
Warning: Found unsupported expression 'SE*SI+D*!SE' in pin attribute of cell 'SDFF_X2' - skipping.
  cell DFFS_X1 (noninv, pins=5, area=5.32) is a direct match for cell type $_DFF_PN1_.
Warning: Found unsupported expression 'SE*SI+D*!SE' in pin attribute of cell 'SDFFRS_X1' - skipping.
Warning: Found unsupported expression 'SE*SI+D*!SE' in pin attribute of cell 'SDFFRS_X2' - skipping.
Warning: Found unsupported expression 'SE*SI+D*!SE' in pin attribute of cell 'SDFFR_X1' - skipping.
Warning: Found unsupported expression 'SE*SI+D*!SE' in pin attribute of cell 'SDFFR_X2' - skipping.
Warning: Found unsupported expression 'SE*SI+D*!SE' in pin attribute of cell 'SDFFS_X1' - skipping.
Warning: Found unsupported expression 'SE*SI+D*!SE' in pin attribute of cell 'SDFFS_X2' - skipping.
Warning: Found unsupported expression 'SE*SI+D*!SE' in pin attribute of cell 'SDFF_X1' - skipping.
Warning: Found unsupported expression 'SE*SI+D*!SE' in pin attribute of cell 'SDFF_X2' - skipping.
Warning: Found unsupported expression 'SE*SI+D*!SE' in pin attribute of cell 'SDFFRS_X1' - skipping.
Warning: Found unsupported expression 'SE*SI+D*!SE' in pin attribute of cell 'SDFFRS_X2' - skipping.
Warning: Found unsupported expression 'SE*SI+D*!SE' in pin attribute of cell 'SDFFR_X1' - skipping.
Warning: Found unsupported expression 'SE*SI+D*!SE' in pin attribute of cell 'SDFFR_X2' - skipping.
Warning: Found unsupported expression 'SE*SI+D*!SE' in pin attribute of cell 'SDFFS_X1' - skipping.
Warning: Found unsupported expression 'SE*SI+D*!SE' in pin attribute of cell 'SDFFS_X2' - skipping.
Warning: Found unsupported expression 'SE*SI+D*!SE' in pin attribute of cell 'SDFF_X1' - skipping.
Warning: Found unsupported expression 'SE*SI+D*!SE' in pin attribute of cell 'SDFF_X2' - skipping.
Warning: Found unsupported expression 'SE*SI+D*!SE' in pin attribute of cell 'SDFFRS_X1' - skipping.
Warning: Found unsupported expression 'SE*SI+D*!SE' in pin attribute of cell 'SDFFRS_X2' - skipping.
Warning: Found unsupported expression 'SE*SI+D*!SE' in pin attribute of cell 'SDFFR_X1' - skipping.
Warning: Found unsupported expression 'SE*SI+D*!SE' in pin attribute of cell 'SDFFR_X2' - skipping.
Warning: Found unsupported expression 'SE*SI+D*!SE' in pin attribute of cell 'SDFFS_X1' - skipping.
Warning: Found unsupported expression 'SE*SI+D*!SE' in pin attribute of cell 'SDFFS_X2' - skipping.
Warning: Found unsupported expression 'SE*SI+D*!SE' in pin attribute of cell 'SDFF_X1' - skipping.
Warning: Found unsupported expression 'SE*SI+D*!SE' in pin attribute of cell 'SDFF_X2' - skipping.
  cell DFFRS_X1 (noninv, pins=6, area=6.38) is a direct match for cell type $_DFFSR_PNN_.
Warning: Found unsupported expression 'SE*SI+D*!SE' in pin attribute of cell 'SDFFRS_X1' - skipping.
Warning: Found unsupported expression 'SE*SI+D*!SE' in pin attribute of cell 'SDFFRS_X2' - skipping.
Warning: Found unsupported expression 'SE*SI+D*!SE' in pin attribute of cell 'SDFFR_X1' - skipping.
Warning: Found unsupported expression 'SE*SI+D*!SE' in pin attribute of cell 'SDFFR_X2' - skipping.
Warning: Found unsupported expression 'SE*SI+D*!SE' in pin attribute of cell 'SDFFS_X1' - skipping.
Warning: Found unsupported expression 'SE*SI+D*!SE' in pin attribute of cell 'SDFFS_X2' - skipping.
Warning: Found unsupported expression 'SE*SI+D*!SE' in pin attribute of cell 'SDFF_X1' - skipping.
Warning: Found unsupported expression 'SE*SI+D*!SE' in pin attribute of cell 'SDFF_X2' - skipping.
Warning: Found unsupported expression 'SE*SI+D*!SE' in pin attribute of cell 'SDFFRS_X1' - skipping.
Warning: Found unsupported expression 'SE*SI+D*!SE' in pin attribute of cell 'SDFFRS_X2' - skipping.
Warning: Found unsupported expression 'SE*SI+D*!SE' in pin attribute of cell 'SDFFR_X1' - skipping.
Warning: Found unsupported expression 'SE*SI+D*!SE' in pin attribute of cell 'SDFFR_X2' - skipping.
Warning: Found unsupported expression 'SE*SI+D*!SE' in pin attribute of cell 'SDFFS_X1' - skipping.
Warning: Found unsupported expression 'SE*SI+D*!SE' in pin attribute of cell 'SDFFS_X2' - skipping.
Warning: Found unsupported expression 'SE*SI+D*!SE' in pin attribute of cell 'SDFF_X1' - skipping.
Warning: Found unsupported expression 'SE*SI+D*!SE' in pin attribute of cell 'SDFF_X2' - skipping.
Warning: Found unsupported expression 'SE*SI+D*!SE' in pin attribute of cell 'SDFFRS_X1' - skipping.
Warning: Found unsupported expression 'SE*SI+D*!SE' in pin attribute of cell 'SDFFRS_X2' - skipping.
Warning: Found unsupported expression 'SE*SI+D*!SE' in pin attribute of cell 'SDFFR_X1' - skipping.
Warning: Found unsupported expression 'SE*SI+D*!SE' in pin attribute of cell 'SDFFR_X2' - skipping.
Warning: Found unsupported expression 'SE*SI+D*!SE' in pin attribute of cell 'SDFFS_X1' - skipping.
Warning: Found unsupported expression 'SE*SI+D*!SE' in pin attribute of cell 'SDFFS_X2' - skipping.
Warning: Found unsupported expression 'SE*SI+D*!SE' in pin attribute of cell 'SDFF_X1' - skipping.
Warning: Found unsupported expression 'SE*SI+D*!SE' in pin attribute of cell 'SDFF_X2' - skipping.
  final dff cell mappings:
    unmapped dff cell: $_DFF_N_
    \DFF_X1 _DFF_P_ (.CK( C), .D( D), .Q( Q), .QN(~Q));
    unmapped dff cell: $_DFF_NN0_
    unmapped dff cell: $_DFF_NN1_
    unmapped dff cell: $_DFF_NP0_
    unmapped dff cell: $_DFF_NP1_
    \DFFR_X1 _DFF_PN0_ (.CK( C), .D( D), .Q( Q), .QN(~Q), .RN( R));
    \DFFS_X1 _DFF_PN1_ (.CK( C), .D( D), .Q( Q), .QN(~Q), .SN( R));
    unmapped dff cell: $_DFF_PP0_
    unmapped dff cell: $_DFF_PP1_
    unmapped dff cell: $_DFFSR_NNN_
    unmapped dff cell: $_DFFSR_NNP_
    unmapped dff cell: $_DFFSR_NPN_
    unmapped dff cell: $_DFFSR_NPP_
    \DFFRS_X1 _DFFSR_PNN_ (.CK( C), .D( D), .Q( Q), .QN(~Q), .RN( R), .SN( S));
    unmapped dff cell: $_DFFSR_PNP_
    unmapped dff cell: $_DFFSR_PPN_
    unmapped dff cell: $_DFFSR_PPP_

17.1. Executing DFFLEGALIZE pass (convert FFs to types supported by the target).
Mapping DFF cells in module `\rv32i_pipeline_core':
  mapped 1767 $_DFF_P_ cells to \DFF_X1 cells.

18. Executing ABC pass (technology mapping using ABC).

18.1. Extracting gate netlist of module `\rv32i_pipeline_core' to `<abc-temp-dir>/input.blif'..
Extracted 8778 gates and 10709 wires to a netlist network with 1929 inputs and 1805 outputs.

18.1.1. Executing ABC.
Running ABC command: "<yosys-exe-dir>/yosys-abc" -s -f <abc-temp-dir>/abc.script 2>&1
ABC: ABC command line: "source <abc-temp-dir>/abc.script".
ABC: 
ABC: + read_blif <abc-temp-dir>/input.blif 
ABC: + read_lib -w /home/terrylin/work/rv32i-single-cycle/build/timing/NangateOpenCellLibrary_typical.lib 
ABC: Parsing finished successfully.  Parsing time =     0.04 sec
ABC: Scl_LibertyReadGenlib() skipped cell "ANTENNA_X1" due to dont_use attribute.
ABC: Scl_LibertyReadGenlib() skipped cell "CLKGATETST_X1" without logic function.
ABC: Scl_LibertyReadGenlib() skipped cell "CLKGATETST_X2" without logic function.
ABC: Scl_LibertyReadGenlib() skipped cell "CLKGATETST_X4" without logic function.
ABC: Scl_LibertyReadGenlib() skipped cell "CLKGATETST_X8" without logic function.
ABC: Scl_LibertyReadGenlib() skipped cell "CLKGATE_X1" without logic function.
ABC: Scl_LibertyReadGenlib() skipped cell "CLKGATE_X2" without logic function.
ABC: Scl_LibertyReadGenlib() skipped cell "CLKGATE_X4" without logic function.
ABC: Scl_LibertyReadGenlib() skipped cell "CLKGATE_X8" without logic function.
ABC: Scl_LibertyReadGenlib() skipped sequential cell "DFFRS_X1".
ABC: Scl_LibertyReadGenlib() skipped sequential cell "DFFRS_X2".
ABC: Scl_LibertyReadGenlib() skipped sequential cell "DFFR_X1".
ABC: Scl_LibertyReadGenlib() skipped sequential cell "DFFR_X2".
ABC: Scl_LibertyReadGenlib() skipped sequential cell "DFFS_X1".
ABC: Scl_LibertyReadGenlib() skipped sequential cell "DFFS_X2".
ABC: Scl_LibertyReadGenlib() skipped sequential cell "DFF_X1".
ABC: Scl_LibertyReadGenlib() skipped sequential cell "DFF_X2".
ABC: Scl_LibertyReadGenlib() skipped sequential cell "DLH_X1".
ABC: Scl_LibertyReadGenlib() skipped sequential cell "DLH_X2".
ABC: Scl_LibertyReadGenlib() skipped sequential cell "DLL_X1".
ABC: Scl_LibertyReadGenlib() skipped sequential cell "DLL_X2".
ABC: Scl_LibertyReadGenlib() skipped cell "FILLCELL_X1" due to dont_use attribute.
ABC: Scl_LibertyReadGenlib() skipped cell "TAPCELL_X1" due to dont_use attribute.
ABC: Scl_LibertyReadGenlib() skipped cell "FILLCELL_X2" due to dont_use attribute.
ABC: Scl_LibertyReadGenlib() skipped cell "FILLCELL_X4" due to dont_use attribute.
ABC: Scl_LibertyReadGenlib() skipped cell "FILLCELL_X8" due to dont_use attribute.
ABC: Scl_LibertyReadGenlib() skipped cell "FILLCELL_X16" due to dont_use attribute.
ABC: Scl_LibertyReadGenlib() skipped cell "FILLCELL_X32" due to dont_use attribute.
ABC: Scl_LibertyReadGenlib() skipped cell "LOGIC0_X1" due to dont_use attribute.
ABC: Scl_LibertyReadGenlib() skipped cell "LOGIC1_X1" due to dont_use attribute.
ABC: Scl_LibertyReadGenlib() skipped sequential cell "SDFFRS_X1".
ABC: Scl_LibertyReadGenlib() skipped sequential cell "SDFFRS_X2".
ABC: Scl_LibertyReadGenlib() skipped sequential cell "SDFFR_X1".
ABC: Scl_LibertyReadGenlib() skipped sequential cell "SDFFR_X2".
ABC: Scl_LibertyReadGenlib() skipped sequential cell "SDFFS_X1".
ABC: Scl_LibertyReadGenlib() skipped sequential cell "SDFFS_X2".
ABC: Scl_LibertyReadGenlib() skipped sequential cell "SDFF_X1".
ABC: Scl_LibertyReadGenlib() skipped sequential cell "SDFF_X2".
ABC: Scl_LibertyReadGenlib() skipped three-state cell "TBUF_X1".
ABC: Scl_LibertyReadGenlib() skipped three-state cell "TBUF_X2".
ABC: Scl_LibertyReadGenlib() skipped three-state cell "TBUF_X4".
ABC: Scl_LibertyReadGenlib() skipped three-state cell "TBUF_X8".
ABC: Scl_LibertyReadGenlib() skipped three-state cell "TBUF_X16".
ABC: Scl_LibertyReadGenlib() skipped three-state cell "TINV_X1".
ABC: Scl_LibertyReadGenlib() skipped sequential cell "TLAT_X1".
ABC: Library "NangateOpenCellLibrary" from "/home/terrylin/work/rv32i-single-cycle/build/timing/NangateOpenCellLibrary_typical.lib" has 90 cells (35 skipped: 21 seq; 6 tri-state; 8 no func; 10 dont_use).  Time =     0.06 sec
ABC: Memory =   11.38 MB. Time =     0.06 sec
ABC: Warning: Detected 2 multi-output gates (for example, "FA_X1").
ABC: + strash 
ABC: + &get -n 
ABC: + &fraig -x 
ABC: + &put 
ABC: + scorr 
ABC: Warning: The network is combinational (run "fraig" or "fraig_sweep").
ABC: + dc2 
ABC: + dretime 
ABC: + strash 
ABC: + &get -n 
ABC: + &dch -f 
ABC: + &nf 
ABC: + &put 
ABC: + write_blif <abc-temp-dir>/output.blif 

18.1.2. Re-integrating ABC results.
ABC RESULTS:           AND4_X1 cells:       12
ABC RESULTS:         OAI221_X1 cells:        9
ABC RESULTS:         AOI221_X1 cells:       56
ABC RESULTS:            OR4_X1 cells:        8
ABC RESULTS:         OAI211_X1 cells:       42
ABC RESULTS:          OAI22_X1 cells:       25
ABC RESULTS:          NAND3_X1 cells:      112
ABC RESULTS:           NOR4_X1 cells:       15
ABC RESULTS:            OR2_X1 cells:       45
ABC RESULTS:           AND3_X1 cells:       71
ABC RESULTS:         AOI222_X1 cells:       20
ABC RESULTS:            INV_X1 cells:      473
ABC RESULTS:          AOI22_X1 cells:      157
ABC RESULTS:           XOR2_X1 cells:      112
ABC RESULTS:          XNOR2_X1 cells:      131
ABC RESULTS:          NAND4_X1 cells:       27
ABC RESULTS:           NOR3_X1 cells:       87
ABC RESULTS:            OR3_X1 cells:       33
ABC RESULTS:          OAI33_X1 cells:       10
ABC RESULTS:         AOI211_X1 cells:      879
ABC RESULTS:          OAI21_X1 cells:      541
ABC RESULTS:           NOR2_X1 cells:     1008
ABC RESULTS:           AND2_X1 cells:      405
ABC RESULTS:          NAND2_X1 cells:      633
ABC RESULTS:           MUX2_X1 cells:     1752
ABC RESULTS:          AOI21_X1 cells:     1094
ABC RESULTS:            BUF_X1 cells:       32
ABC RESULTS:        internal signals:     6975
ABC RESULTS:           input signals:     1929
ABC RESULTS:          output signals:     1805
Removing temp directory.
Removed 0 unused cells and 10517 unused wires.

19. Executing CHECK pass (checking for obvious problems).
Checking module rv32i_pipeline_core...
Found and reported 0 problems.

20. Printing statistics.

=== rv32i_pipeline_core ===

   Number of wires:               9885
   Number of wire bits:          14770
   Number of public wires:         365
   Number of public wire bits:    5151
   Number of memories:               0
   Number of memory bits:            0
   Number of processes:              0
   Number of cells:               9556
     AND2_X1                       405
     AND3_X1                        71
     AND4_X1                        12
     AOI211_X1                     879
     AOI21_X1                     1094
     AOI221_X1                      56
     AOI222_X1                      20
     AOI22_X1                      157
     BUF_X1                         32
     DFF_X1                       1767
     INV_X1                        473
     MUX2_X1                      1752
     NAND2_X1                      633
     NAND3_X1                      112
     NAND4_X1                       27
     NOR2_X1                      1008
     NOR3_X1                        87
     NOR4_X1                        15
     OAI211_X1                      42
     OAI21_X1                      541
     OAI221_X1                       9
     OAI22_X1                       25
     OAI33_X1                       10
     OR2_X1                         45
     OR3_X1                         33
     OR4_X1                          8
     XNOR2_X1                      131
     XOR2_X1                       112

   Chip area for module '\rv32i_pipeline_core': 17515.302000

21. Executing Verilog backend.
Dumping module `\rv32i_pipeline_core'.
